Workbook

Sheet UPT-Weekday
A1: Route> | B1: 3 | C1: 4 | D1: 5 | E1: 6 | F1: 7 | G1: 8 | H1: 9 | I1: 14 | J1: 17 | K1: 18 | L1: 19 | M1: 21 | N1: 22 | O1: 23 | P1: 25 | Q1: 28 | R1: 29 | S1: 34 | T1: 41 | U1: 42 | V1: 50 | W1: 52 | X1: 55 | Y1: 56 | Z1: 64 | AA1: 70 | AB1: 71 | AC1: 72 | AD1: 75 | AE1: 76 | AF1: 77 | AG1: 79 | AH1: 84 | AI1: 86 | AJ1: 93 | AK1: 96 | AL1: 97 | AM1: AVERAGE
A2: Date
A3: 44197 | B3: 7116.78 | C3: 5952.43 | D3: 7457.63 | E3: 4138.55 | F3: 8590.56 | G3: 7615.01 | H3: 3382.43 | I3: 3617.2 | J3: 3664.93 | K3: 3245.1 | L3: 6578.85 | M3: 1308.74 | N3: 15175.21 | O3: 16259.46 | P3: 1641.25 | Q3: 2020.01 | R3: 6565.05 | S3: 1674.7 | U3: 2686.22 | V3: 17330.95 | W3: 24624.09 | X3: 33005.8 | Y3: 34691.39 | AC3: 498.72 | AE3: 3612.41 | AF3: 661.6 | AJ3: 1275 | AK3: 720 | AM3: =AVERAGE(B3:AL3) -> 8039.6454
A4: 44228 | B4: 7104 | C4: 4820 | D4: 6666 | E4: 3545 | F4: 8387 | G4: 6375 | H4: 2618 | I4: 2768 | J4: 3378 | K4: 2833 | L4: 5297 | M4: 972 | N4: 14033 | O4: 15803 | P4: 1568 | Q4: 1735 | R4: 4764 | S4: 1310 | T4: 0 | U4: 2297 | V4: 16603 | W4: 23670 | X4: 31763 | Y4: 32648 | Z4: 0 | AC4: 358 | AE4: 2934 | AF4: 547 | AH4: 0 | AI4: 0 | AJ4: 1180 | AK4: 647 | AM4: =AVERAGE(B4:AL4) -> 6456.9688
A5: 44256 | B5: 10033 | C5: 7887 | D5: 10666 | E5: 5856 | F5: 12154 | G5: 9648 | H5: 3476 | I5: 4319 | J5: 5285 | K5: 3775 | L5: 8652 | M5: 1562 | N5: 18474 | O5: 20924 | P5: 2422 | Q5: 2353 | R5: 7269 | S5: 2315 | T5: 0 | U5: 3280 | V5: 22461 | W5: 29896 | X5: 43926 | Y5: 45042 | Z5: 0 | AC5: 479 | AE5: 4535 | AF5: 725 | AH5: 0 | AI5: 0 | AJ5: 1602 | AK5: 914 | AM5: =AVERAGE(B5:AL5) -> 9060.3125
A6: 44287 | B6: 10558 | C6: 9303 | D6: 12008 | E6: 6623 | F6: 14896 | G6: 10023 | H6: 3860 | I6: 4458 | J6: 5797 | K6: 4480 | L6: 8857 | M6: 1496 | N6: 20127 | O6: 24513 | P6: 2084 | Q6: 2604 | R6: 7511 | S6: 2463 | T6: 215 | U6: 3492 | V6: 25108 | W6: 33270 | X6: 48466 | Y6: 46946 | Z6: 0 | AC6: 147 | AE6: 4979 | AF6: 1074 | AH6: 356 | AI6: 167 | AJ6: 1673 | AK6: 246 | AM6: =AVERAGE(B6:AL6) -> 9931.25
A7: 44317 | B7: 9648 | C7: 8465 | D7: 11046 | E7: 6243 | F7: 13984 | G7: 9148 | H7: 3353 | I7: 4041 | J7: 5207 | K7: 4266 | L7: 7576 | M7: 1162 | N7: 18298 | O7: 24712 | P7: 1523 | Q7: 2500 | R7: 6130 | S7: 2076 | T7: 292 | U7: 3312 | V7: 22083 | W7: 31695 | X7: 45554 | Y7: 42851 | Z7: 0 | AC7: 0 | AE7: 4926 | AF7: 1333 | AH7: 566 | AI7: 281 | AJ7: 1406 | AK7: 0 | AM7: =AVERAGE(B7:AL7) -> 9177.4062
A8: 44348 | B8: 10755 | C8: 9132 | D8: 11362 | E8: 6498 | F8: 15347 | G8: 10365 | H8: 4010 | I8: 4844 | J8: 6212 | K8: 5045 | L8: 9092 | M8: 1351 | N8: 19398 | O8: 26706 | P8: 1574 | Q8: 2806 | R8: 7064 | S8: 3218 | T8: 338 | U8: 3836 | V8: 23834 | W8: 35225 | X8: 53403 | Y8: 47727 | Z8: 0 | AC8: 0 | AE8: 5267 | AF8: 1817 | AH8: 766 | AI8: 405 | AJ8: 1651 | AK8: 0 | AM8: =AVERAGE(B8:AL8) -> 10282.75
A9: 44378 | B9: 10994 | C9: 9339 | D9: 11720 | E9: 6888 | F9: 15686 | G9: 10682 | H9: 3845 | I9: 4492 | J9: 6037 | K9: 5505 | L9: 9519 | M9: 1215 | N9: 19593 | O9: 27509 | P9: 1405 | Q9: 2913 | R9: 7266 | S9: 3630 | T9: 386 | U9: 3729 | V9: 24989 | W9: 37343 | X9: 59494 | Y9: 49155 | Z9: 0 | AC9: 0 | AE9: 5156 | AF9: 1857 | AH9: 815 | AI9: 475 | AJ9: 1646 | AK9: 0 | AM9: =AVERAGE(B9:AL9) -> 10727.594
A10: 44409 | B10: 13194 | C10: 11405 | D10: 15529 | E10: 8398 | F10: 21341 | G10: 12136 | H10: 4039 | I10: 4826 | J10: 6897 | K10: 6276 | L10: 11188 | M10: 1599 | N10: 20647 | O10: 30704 | P10: 2032 | Q10: 3318 | R10: 7555 | S10: 3471 | T10: 844 | U10: 3951 | V10: 28076 | W10: 40794 | X10: 67353 | Y10: 54630 | Z10: 0 | AC10: 0 | AE10: 5048 | AF10: 2091 | AH10: 1094 | AI10: 500 | AJ10: 2047 | AK10: 0 | AM10: =AVERAGE(B10:AL10) -> 12218.219
A11: 44440 | B11: 13757 | C11: 11450 | D11: 16904 | E11: 8751 | F11: 22891 | G11: 12271 | H11: 4158 | I11: 4959 | J11: 7442 | K11: 6059 | L11: 11996 | M11: 1667 | N11: 21047 | O11: 32895 | P11: 2268 | Q11: 3323 | R11: 7873 | S11: 3079 | T11: 1049 | U11: 4045 | V11: 30783 | W11: 41610 | X11: 70225 | Y11: 56263 | Z11: 10 | AC11: 0 | AE11: 5401 | AF11: 1940 | AH11: 1234 | AI11: 389 | AJ11: 1857 | AK11: 0 | AM11: =AVERAGE(B11:AL11) -> 12737.375
A12: 44470 | B12: 13937 | C12: 10989 | D12: 15858 | E12: 8298 | F12: 21632 | G12: 12185 | H12: 4749 | I12: 5104 | J12: 7350 | K12: 6401 | L12: 11580 | M12: 1580 | N12: 21495 | O12: 32202 | P12: 1952 | Q12: 3413 | R12: 7716 | S12: 3446 | T12: 959 | U12: 3799 | V12: 31349 | W12: 40857 | X12: 69184 | Y12: 53887 | Z12: 269 | AC12: 0 | AE12: 5541 | AF12: 2022 | AH12: 1304 | AI12: 567 | AJ12: 1790 | AK12: 0 | AL12: 9 | AM12: =AVERAGE(B12:AL12) -> 12164.364
A13: 44501 | B13: 13899 | C13: 11578 | D13: 15901 | E13: 8502 | F13: 21317 | G13: 12888 | H13: 5063 | I13: 5163 | J13: 6816 | K13: 6391 | L13: 12135 | M13: 1555 | N13: 22095 | O13: 32739 | P13: 1968 | Q13: 3447 | R13: 7625 | S13: 3427 | T13: 1148 | U13: 3709 | V13: 32703 | W13: 39952 | X13: 71336 | Y13: 57231 | Z13: 107 | AC13: 0 | AE13: 5562 | AF13: 1843 | AH13: 1319 | AI13: 560 | AJ13: 2426 | AK13: 0 | AL13: 43 | AM13: =AVERAGE(B13:AL13) -> 12437.818
A14: 44531 | B14: 13077 | C14: 10813 | D14: 14275 | E14: 7860 | F14: 19145 | G14: 14585 | H14: 5059 | I14: 5279 | J14: 6904 | K14: 6198 | L14: 10713 | M14: 1266 | N14: 21606 | O14: 32083 | P14: 1612 | Q14: 3338 | R14: 7463 | S14: 4095 | T14: 858 | U14: 3922 | V14: 31933 | W14: 40676 | X14: 70145 | Y14: 56589 | Z14: 121 | AC14: 0 | AE14: 5793 | AF14: 1929 | AH14: 1075 | AI14: 577 | AJ14: 1615 | AK14: 0 | AL14: 47 | AM14: =AVERAGE(B14:AL14) -> 12140.939
A15: 44562 | B15: 11911 | C15: 10063 | D15: 13105 | E15: 7034 | F15: 18175 | G15: 12173 | H15: 4441 | I15: 4618 | J15: 6050 | K15: 5156 | L15: 9699 | M15: 1110 | N15: 19440 | O15: 32660 | P15: 1705 | Q15: 2964 | R15: 6470 | S15: 2699 | T15: 898 | U15: 3261 | V15: 28367 | W15: 34594 | X15: 59488 | Y15: 49928 | Z15: 67 | AC15: 0 | AE15: 4515 | AF15: 1661 | AH15: 1019 | AI15: 471 | AJ15: 1558 | AK15: 0 | AL15: 9 | AM15: =AVERAGE(B15:AL15) -> 10766.939
A16: 44593 | B16: 13091 | C16: 10583 | D16: 14612 | E16: 7141 | F16: 20088 | G16: 13489 | H16: 4839 | I16: 4857 | J16: 6643 | K16: 5422 | L16: 11127 | M16: 1355 | N16: 20320 | O16: 32766 | P16: 2185 | Q16: 2907 | R16: 6810 | S16: 2780 | T16: 1123 | U16: 3496 | V16: 29644 | W16: 37396 | X16: 63055 | Y16: 54474 | Z16: 130 | AC16: 0 | AE16: 5024 | AF16: 1911 | AH16: 1342 | AI16: 447 | AJ16: 2301 | AK16: 0 | AL16: 19 | AM16: =AVERAGE(B16:AL16) -> 11556.879
A17: 44621 | B17: 15494 | C17: 12138 | D17: 18542 | E17: 9972 | F17: 25207 | G17: 15535 | H17: 5718 | I17: 6095 | J17: 7730 | K17: 7761 | L17: 12886 | M17: 1611 | N17: 24347 | O17: 37299 | P17: 2376 | Q17: 3520 | R17: 8380 | S17: 4605 | T17: 1296 | U17: 4399 | V17: 35789 | W17: 48192 | X17: 80338 | Y17: 65253 | Z17: 249 | AC17: 0 | AE17: 5810 | AF17: 2227 | AH17: 1716 | AI17: 559 | AJ17: 2473 | AK17: 0 | AL17: 38 | AM17: =AVERAGE(B17:AL17) -> 14168.333
A18: 44652 | B18: 31739 | C18: 12358 | D18: 1382 | E18: 9543 | F18: 23615 | G18: 13461 | H18: 5774 | I18: 5995 | J18: 8799 | K18: 7431 | L18: 11511 | M18: 82 | N18: 22256 | O18: 34252 | P18: 76 | Q18: 3696 | R18: 7793 | S18: 4408 | T18: 1217 | U18: 4404 | V18: 33037 | W18: 45836 | X18: 75912 | Y18: 60139 | Z18: 235 | AC18: 0 | AD18: 1920 | AE18: 5036 | AF18: 3462 | AG18: 1069 | AH18: 1673 | AI18: 585 | AJ18: 2692 | AK18: 0 | AL18: 28 | AM18: =AVERAGE(B18:AL18) -> 12611.886
A19: 44682 | B19: 33732 | C19: 13059 | D19: 0 | E19: 10163 | F19: 23841 | G19: 14557 | H19: 5965 | I19: 5961 | J19: 8850 | K19: 7887 | L19: 12775 | M19: 0 | N19: 24312 | O19: 36798 | P19: 0 | Q19: 4349 | R19: 8428 | S19: 4728 | T19: 1059 | U19: 4768 | V19: 36832 | W19: 50829 | X19: 83894 | Y19: 64499 | Z19: 281 | AC19: 0 | AD19: 1747 | AE19: 5659 | AF19: 3663 | AG19: 2026 | AH19: 1779 | AI19: 516 | AJ19: 2448 | AK19: 0 | AL19: 41 | AM19: =AVERAGE(B19:AL19) -> 13584.171
A20: 44713 | B20: 32371 | C20: 11712 | D20: 0 | E20: 9675 | F20: 22689 | G20: 14686 | H20: 5853 | I20: 5484 | J20: 8552 | K20: 8595 | L20: 12346 | M20: 0 | N20: 22852 | O20: 34946 | P20: 0 | Q20: 4493 | R20: 9057 | S20: 5893 | T20: 766 | U20: 4569 | V20: 33092 | W20: 50170 | X20: 81565 | Y20: 59631 | Z20: 250 | AC20: 0 | AD20: 1707 | AE20: 5472 | AF20: 4127 | AG20: 2568 | AH20: 1807 | AI20: 499 | AJ20: 2197 | AK20: 0 | AL20: 25 | AM20: =AVERAGE(B20:AL20) -> 13075.686
A21: 44743 | B21: 32102 | C21: 11147 | D21: 0 | E21: 9430 | F21: 21978 | G21: 14364 | H21: 5784 | I21: 4823 | J21: 8171 | K21: 8241 | L21: 11914 | M21: 0 | N21: 22860 | O21: 33765 | P21: 0 | Q21: 3904 | R21: 8399 | S21: 5231 | T21: 657 | U21: 4341 | V21: 31095 | W21: 48649 | X21: 80342 | Y21: 56316 | Z21: 246 | AC21: 0 | AD21: 1391 | AE21: 4679 | AF21: 4062 | AG21: 2301 | AH21: 1621 | AI21: 508 | AJ21: 1987 | AK21: 0 | AL21: 34 | AM21: =AVERAGE(B21:AL21) -> 12581.2
A22: 44774 | B22: 43177 | C22: 16163 | D22: 0 | E22: 12909 | F22: 30036 | G22: 17969 | H22: 7511 | I22: 5840 | J22: 10870 | K22: 9637 | L22: 16320 | M22: 0 | N22: 28400 | O22: 43887 | P22: 0 | Q22: 5161 | R22: 10804 | S22: 5873 | T22: 1329 | U22: 5673 | V22: 43305 | W22: 58176 | X22: 99477 | Y22: 75453 | Z22: 270 | AC22: 0 | AD22: 2099 | AE22: 6042 | AF22: 5143 | AG22: 3321 | AH22: 2036 | AI22: 652 | AJ22: 2982 | AK22: 0 | AL22: 68 | AM22: =AVERAGE(B22:AL22) -> 16302.371
A23: 44805 | B23: 43540 | C23: 16047 | D23: 0 | E23: 13141 | F23: 30907 | G23: 16805 | H23: 7217 | I23: 6238 | J23: 11501 | K23: 9916 | L23: 16406 | M23: 0 | N23: 27126 | O23: 42574 | P23: 0 | Q23: 4987 | R23: 11407 | S23: 5240 | T23: 1209 | U23: 5482 | V23: 43727 | W23: 57352 | X23: 98176 | Y23: 75142 | Z23: 244 | AC23: 0 | AD23: 2643 | AE23: 6001 | AF23: 5235 | AG23: 3523 | AH23: 2115 | AI23: 557 | AJ23: 2887 | AK23: 0 | AL23: 60 | AM23: =AVERAGE(B23:AL23) -> 16211.571
A24: 44835 | B24: 40625 | C24: 14717 | D24: 0 | E24: 12209 | F24: 28863 | G24: 16545 | H24: 6799 | I24: 5666 | J24: 10825 | K24: 9542 | L24: 14643 | M24: 0 | N24: 24968 | O24: 41328 | P24: 0 | Q24: 5282 | R24: 10497 | S24: 5907 | T24: 1109 | U24: 4987 | V24: 39062 | W24: 54996 | X24: 90391 | Y24: 69446 | Z24: 311 | AC24: 0 | AD24: 2301 | AE24: 5700 | AF24: 4857 | AG24: 3211 | AH24: 2240 | AI24: 580 | AJ24: 2261 | AK24: 0 | AL24: 124 | AM24: =AVERAGE(B24:AL24) -> 15142.629
A25: 44866 | B25: 38973 | C25: 14141 | D25: 0 | E25: 11688 | F25: 26969 | G25: 16305 | H25: 6706 | I25: 5418 | J25: 10498 | K25: 8865 | L25: 14185 | M25: 0 | N25: 25032 | O25: 40146 | P25: 0 | Q25: 5189 | R25: 10198 | S25: 5696 | T25: 1090 | U25: 4948 | V25: 38838 | W25: 52142 | X25: 89788 | Y25: 69500 | Z25: 308 | AC25: 0 | AD25: 2046 | AE25: 5520 | AF25: 4649 | AG25: 3120 | AH25: 2124 | AI25: 649 | AJ25: 2320 | AK25: 0 | AL25: 221 | AM25: =AVERAGE(B25:AL25) -> 14779.2
A26: 44896 | B26: 32933 | C26: 12688 | D26: 0 | E26: 10352 | F26: 23523 | G26: 15998 | H26: 6475 | I26: 4806 | J26: 8644 | K26: 7701 | L26: 12335 | M26: 0 | N26: 23132 | O26: 38225 | P26: 0 | Q26: 4693 | R26: 8830 | S26: 6132 | T26: 980 | U26: 4583 | V26: 34808 | W26: 49604 | X26: 79093 | Y26: 63588 | Z26: 219 | AC26: 0 | AD26: 1230 | AE26: 5069 | AF26: 4102 | AG26: 2905 | AH26: 1665 | AI26: 396 | AJ26: 1816 | AK26: 0 | AL26: 229 | AM26: =AVERAGE(B26:AL26) -> 13335.829
A27: 44927 | B27: 34982 | C27: 12389 | E27: 11912 | F27: 25460 | G27: 15484 | H27: 6068 | I27: 4940 | J27: 9387 | K27: 7246 | L27: 13019 | N27: 23268 | O27: 37016 | Q27: 4622 | R27: 9389 | S27: 4460 | T27: 1044 | U27: 4400 | V27: 35454 | W27: 48858 | X27: 79931 | Y27: 64024 | Z27: 339 | AD27: 1694 | AE27: 4904 | AF27: 4123 | AG27: 3070 | AH27: 1966 | AI27: 544 | AJ27: 2247 | AM27: =AVERAGE(B27:AL27) -> 16284.138
A28: 44958 | B28: 36626 | C28: 13097 | E28: 12582 | F28: 26343 | G28: 16757 | H28: 6145 | I28: 5002 | J28: 9552 | K28: 7964 | L28: 14124 | N28: 23367 | O28: 39631 | Q28: 4647 | R28: 10325 | S28: 4324 | T28: 1072 | U28: 4412 | V28: 36406 | W28: 50956 | X28: 85143 | Y28: 68218 | Z28: 377 | AD28: 2011 | AE28: 4889 | AF28: 4324 | AG28: 3360 | AH28: 2135 | AI28: 522 | AJ28: 2203 | AM28: =AVERAGE(B28:AL28) -> 17121.172
A29: 44986 | B29: 41714 | C29: 15087 | E29: 14878 | F29: 28809 | G29: 19083 | H29: 7079 | I29: 5627 | J29: 10860 | K29: 9554 | L29: 16151 | N29: 26337 | O29: 46058 | Q29: 5029 | R29: 11794 | S29: 5558 | T29: 1130 | U29: 5844 | V29: 41480 | W29: 61533 | X29: 100529 | Y29: 77815 | Z29: 422 | AD29: 1940 | AE29: 5701 | AF29: 5066 | AG29: 3735 | AH29: 2330 | AI29: 599 | AJ29: 2551 | AM29: =AVERAGE(B29:AL29) -> 19803.207
A30: 45017 | B30: 39443 | C30: 13185 | E30: 12815 | F30: 26998 | G30: 16824 | H30: 6335 | I30: 5303 | J30: 10654 | K30: 8860 | L30: 14534 | N30: 23700 | O30: 41405 | Q30: 4480 | R30: 11014 | S30: 4929 | T30: 919 | U30: 5299 | V30: 39754 | W30: 56152 | X30: 88930 | Y30: 69096 | Z30: 348 | AD30: 1742 | AE30: 5347 | AF30: 5014 | AG30: 3742 | AH30: 2049 | AI30: 573 | AJ30: 2861 | AM30: =AVERAGE(B30:AL30) -> 18010.517
A31: 45047 | B31: 42334 | C31: 14166 | E31: 13793 | F31: 28722 | G31: 17905 | H31: 7084 | I31: 5515 | J31: 10897 | K31: 10356 | L31: 15875 | N31: 25724 | O31: 46758 | Q31: 5053 | R31: 11840 | S31: 5774 | T31: 914 | U31: 5813 | V31: 42785 | W31: 62180 | X31: 97818 | Y31: 77438 | Z31: 351 | AD31: 1477 | AE31: 5950 | AF31: 6097 | AG31: 4047 | AH31: 2008 | AI31: 678 | AJ31: 3010 | AM31: =AVERAGE(B31:AL31) -> 19736.621
A32: 45078 | B32: 37954 | C32: 13302 | E32: 12404 | F32: 28067 | G32: 16519 | H32: 7354 | I32: 5292 | J32: 10076 | K32: 9062 | L32: 14698 | N32: 24755 | O32: 44081 | Q32: 4490 | R32: 10472 | S32: 6113 | T32: 747 | U32: 5742 | V32: 37684 | W32: 60925 | X32: 95085 | Y32: 72239 | Z32: 296 | AD32: 1385 | AE32: 5778 | AF32: 6085 | AG32: 3835 | AH32: 1940 | AI32: 579 | AJ32: 2333 | AM32: =AVERAGE(B32:AL32) -> 18596.276
A33: 45108 | B33: 32131 | C33: 11749 | E33: 10932 | F33: 23089 | G33: 13877 | H33: 5984 | I33: 4551 | J33: 8519 | K33: 9028 | L33: 13373 | N33: 21649 | O33: 36553 | Q33: 3821 | R33: 8618 | S33: 5232 | T33: 595 | U33: 5126 | V33: 34433 | W33: 53104 | X33: 84652 | Y33: 63304 | Z33: 298 | AD33: 1301 | AE33: 5210 | AF33: 5153 | AG33: 3249 | AH33: 1792 | AI33: 451 | AJ33: 2281 | AM33: =AVERAGE(B33:AL33) -> 16208.793
A34: 45139 | B34: 42882 | C34: 16812 | E34: 14996 | F34: 30379 | G34: 16466 | H34: 7657 | I34: 5764 | J34: 12661 | K34: 11065 | L34: 18630 | N34: 26794 | O34: 49351 | Q34: 4609 | R34: 12930 | S34: 5535 | T34: 1088 | U34: 6600 | V34: 47793 | W34: 63599 | X34: 106922 | Y34: 81491 | Z34: 367 | AA34: 616 | AD34: 2077 | AE34: 6127 | AF34: 6479 | AG34: 4357 | AH34: 2266 | AI34: 996 | AJ34: 3326 | AM34: =AVERAGE(B34:AL34) -> 20354.5
A35: 45170 | B35: 43170 | C35: 16876 | E35: 14060 | F35: 30649 | G35: 15097 | H35: 7315 | I35: 5355 | J35: 11236 | K35: 9888 | L35: 18350 | N35: 25654 | O35: 45637 | Q35: 4341 | R35: 12453 | S35: 5357 | T35: 1030 | U35: 6072 | V35: 43878 | W35: 58870 | X35: 96135 | Y35: 74960 | Z35: 339 | AA35: 816 | AD35: 1876 | AE35: 5938 | AF35: 5881 | AG35: 4244 | AH35: 2709 | AI35: 1134 | AJ35: 2954 | AM35: =AVERAGE(B35:AL35) -> 19075.8
A36: 45200 | B36: 44299 | C36: 17105 | E36: 14949 | F36: 33060 | G36: 16077 | H36: 7714 | I36: 5893 | J36: 11607 | K36: 11323 | L36: 17708 | N36: 26879 | O36: 47701 | Q36: 4763 | R36: 12432 | S36: 5729 | T36: 1362 | U36: 6444 | V36: 45083 | W36: 61870 | X36: 100575 | Y36: 78963 | Z36: 202 | AA36: 933 | AD36: 2459 | AE36: 6031 | AF36: 5993 | AG36: 4654 | AH36: 2741 | AI36: 1036 | AJ36: 2670 | AM36: =AVERAGE(B36:AL36) -> 19941.833
A37: 45231 | B37: 40250 | C37: 16808 | E37: 15480 | F37: 30609 | G37: 16484 | H37: 7305 | I37: 5562 | J37: 11039 | K37: 9844 | L37: 16873 | N37: 25855 | O37: 46106 | Q37: 4892 | R37: 11727 | S37: 5670 | T37: 1299 | U37: 5691 | V37: 43285 | W37: 53892 | X37: 92392 | Y37: 77249 | Z37: 59 | AA37: 1032 | AD37: 1909 | AE37: 5955 | AF37: 5020 | AG37: 4603 | AH37: 2656 | AI37: 1157 | AJ37: 2676 | AM37: =AVERAGE(B37:AL37) -> 18779.3
A38: 45261 | B38: 34473 | C38: 14585 | E38: 13667 | F38: 26063 | G38: 17006 | H38: 6601 | I38: 5059 | J38: 9635 | K38: 8757 | L38: 14496 | N38: 23470 | O38: 43526 | Q38: 4177 | R38: 10016 | S38: 5909 | T38: 1116 | U38: 4823 | V38: 39141 | W38: 48485 | X38: 84755 | Y38: 68086 | Z38: 114 | AA38: 852 | AD38: 1497 | AE38: 5586 | AF38: 5586 | AG38: 4703 | AH38: 1956 | AI38: 768 | AJ38: 2007 | AM38: =AVERAGE(B38:AL38) -> 16897.167
A39: 45292 | B39: 31633 | C39: 13716 | E39: 12730 | F39: 25950 | G39: 16601 | H39: 6685 | I39: 4585 | J39: 9365 | K39: 8342 | L39: 12102 | N39: 23785 | O39: 40129 | Q39: 3647 | R39: 9837 | S39: 4463 | T39: 1105 | U39: 4958 | V39: 34481 | W39: 43401 | X39: 78929 | Y39: 64542 | Z39: 147 | AA39: 731 | AD39: 1652 | AE39: 4695 | AF39: 4695 | AG39: 3436 | AH39: 1876 | AI39: 823 | AJ39: 2279 | AM39: =AVERAGE(B39:AL39) -> 15710.667
A40: 45323 | B40: 41133 | C40: 17011 | E40: 15029 | F40: 32256 | G40: 19050 | H40: 7989 | I40: 5628 | J40: 12053 | K40: 9941 | L40: 16966 | N40: 30568 | O40: 48363 | Q40: 4790 | R40: 12832 | S40: 5532 | T40: 1394 | U40: 6374 | V40: 42450 | W40: 54914 | X40: 98435 | Y40: 81148 | Z40: 142 | AA40: 1328 | AD40: 2216 | AE40: 5699 | AF40: 5827 | AG40: 4522 | AH40: 2678 | AI40: 1213 | AJ40: 2804 | AM40: =AVERAGE(B40:AL40) -> 19676.167
A41: 45352 | B41: 40047 | C41: 15582 | E41: 14749 | F41: 30812 | G41: 17667 | H41: 7669 | I41: 5331 | J41: 11226 | K41: 10629 | L41: 16886 | N41: 28944 | O41: 45006 | Q41: 4503 | R41: 12110 | S41: 5781 | T41: 1226 | U41: 7045 | V41: 41283 | W41: 56494 | X41: 94501 | Y41: 73864 | Z41: 169 | AA41: 931 | AD41: 2101 | AE41: 5824 | AF41: 5907 | AG41: 4849 | AH41: 2243 | AI41: 1075 | AJ41: 2752 | AM41: =AVERAGE(B41:AL41) -> 18906.867
A42: 45383 | B42: 44630 | C42: 16268 | E42: 15159 | F42: 33360 | G42: 17292 | H42: 7384 | I42: 9760 | J42: 11725 | K42: 11065 | L42: 18486 | N42: 23862 | O42: 48524 | Q42: 3084 | R42: 12988 | S42: 6100 | T42: 2057 | U42: 8656 | V42: 45347 | W42: 62628 | X42: 100005 | Y42: 80827 | Z42: 423 | AA42: 1401 | AB42: 3003 | AD42: 3672 | AE42: 6081 | AF42: 8213 | AG42: 5364 | AH42: 2688 | AI42: 1058 | AJ42: 2560 | AM42: =AVERAGE(B42:AL42) -> 19795.806
A43: 45413 | B43: 42014 | C43: 15572 | E43: 15061 | F43: 30246 | G43: 17036 | H43: 7197 | I43: 9990 | J43: 11219 | K43: 12246 | L43: 17199 | N43: 24570 | O43: 47637 | Q43: 2969 | R43: 11264 | S43: 6047 | T43: 2485 | U43: 9440 | V43: 42816 | W43: 63700 | X43: 98744 | Y43: 78992 | Z43: 461 | AA43: 1126 | AB43: 3285 | AD43: 4174 | AE43: 5708 | AF43: 9307 | AG43: 4850 | AH43: 2277 | AI43: 780 | AJ43: 2120 | AM43: =AVERAGE(B43:AL43) -> 19372
A44: 45444 | B44: 36077 | C44: 13177 | E44: 12205 | F44: 25990 | G44: 14938 | H44: 6581 | I44: 8909 | J44: 9413 | K44: 10893 | L44: 14051 | N44: 21676 | O44: 40839 | Q44: 2663 | R44: 9486 | S44: 5718 | T44: 2168 | U44: 8674 | V44: 35705 | W44: 56602 | X44: 85806 | Y44: 65846 | Z44: 448 | AA44: 736 | AB44: 3200 | AD44: 3907 | AE44: 5164 | AF44: 8484 | AG44: 4031 | AH44: 1882 | AI44: 538 | AJ44: 1691 | AM44: =AVERAGE(B44:AL44) -> 16693.484
A45: 45474 | B45: 38769 | C45: 14248 | E45: 14072 | F45: 28356 | G45: 16229 | H45: 7231 | I45: 9881 | J45: 9875 | K45: 11315 | L45: 15298 | N45: 22313 | O45: 42920 | Q45: 2821 | R45: 9406 | S45: 5955 | T45: 2270 | U45: 8958 | V45: 39343 | W45: 59983 | X45: 90627 | Y45: 71865 | Z45: 486 | AA45: 779 | AB45: 3124 | AD45: 4542 | AE45: 5636 | AF45: 9393 | AG45: 4263 | AH45: 2064 | AI45: 667 | AJ45: 2375 | AM45: =AVERAGE(B45:AL45) -> 17905.29
A46: 45505 | B46: 46269 | C46: 17338 | E46: 16321 | F46: 34311 | G46: 18018 | H46: 7994 | I46: 10692 | J46: 12579 | K46: 12495 | L46: 18896 | N46: 25307 | O46: 48050 | Q46: 3494 | R46: 12528 | S46: 6308 | T46: 2714 | U46: 9587 | V46: 49260 | W46: 64578 | X46: 101587 | Y46: 84523 | Z46: 488 | AA46: 1654 | AB46: 3888 | AD46: 6440 | AE46: 5992 | AF46: 10444 | AG46: 4564 | AH46: 2192 | AI46: 1260 | AJ46: 3018 | AM46: =AVERAGE(B46:AL46) -> 20735.129
A47: 45536 | B47: 43387 | C47: 17115 | E47: 15214 | F47: 33001 | G47: 16521 | H47: 7619 | I47: 10061 | J47: 12402 | K47: 11326 | L47: 18280 | N47: 23870 | O47: 44690 | Q47: 3163 | R47: 12423 | S47: 6255 | T47: 2746 | U47: 8947 | V47: 44506 | W47: 58177 | X47: 93770 | Y47: 78941 | Z47: 541 | AA47: 1682 | AB47: 3767 | AD47: 6727 | AE47: 5907 | AF47: 9810 | AG47: 4505 | AH47: 2613 | AI47: 1244 | AJ47: 2545 | AM47: =AVERAGE(B47:AL47) -> 19411.452
A48: 45566 | B48: 48561 | C48: 20318 | E48: 17265 | F48: 38058 | G48: 19236 | H48: 8882 | I48: 11742 | J48: 13681 | K48: 13482 | L48: 20215 | N48: 27721 | O48: 52109 | Q48: 3633 | R48: 13937 | S48: 7688 | T48: 3264 | U48: 10802 | V48: 50968 | W48: 65429 | X48: 106911 | Y48: 88933 | Z48: 590 | AA48: 1545 | AB48: 4704 | AD48: 7895 | AE48: 7064 | AF48: 11131 | AG48: 4832 | AH48: 2818 | AI48: 778 | AJ48: 2755 | AM48: =AVERAGE(B48:AL48) -> 22159.581
A49: 45597 | B49: 37626 | C49: 16623 | E49: 14522 | F49: 30498 | G49: 16932 | H49: 6754 | I49: 10128 | J49: 10911 | K49: 10590 | L49: 16164 | N49: 23003 | O49: 41520 | Q49: 2803 | R49: 10480 | S49: 6029 | T49: 3296 | U49: 8175 | V49: 41456 | W49: 52410 | X49: 87777 | Y49: 76030 | Z49: 504 | AA49: 1244 | AB49: 4082 | AD49: 6361 | AE49: 5961 | AF49: 9116 | AG49: 3906 | AH49: 2351 | AI49: 627 | AJ49: 2658 | AM49: =AVERAGE(B49:AL49) -> 18081.839
A50: 45627 | B50: 34242 | C50: 15704 | E50: 13127 | F50: 26529 | G50: 17102 | H50: 6556 | I50: 9524 | J50: 9961 | K50: 9646 | L50: 14556 | N50: 21648 | O50: 41526 | Q50: 2643 | R50: 8949 | S50: 6493 | T50: 2793 | U50: 6031 | V50: 40437 | W50: 47327 | X50: 83356 | Y50: 73974 | Z50: 1628 | AA50: 1168 | AB50: 3777 | AD50: 5145 | AE50: 5795 | AF50: 8095 | AG50: 3958 | AH50: 1825 | AI50: 482 | AJ50: 2485 | AM50: =AVERAGE(B50:AL50) -> 16983.29
B52: Interactive Graph
C54: ="Monthly Unlinked Passenger Trips for Route "&C55 -> Monthly Unlinked Passenger Trips for Route 42
B55: Route | C55: 42
B56: =A3 -> 44197 | C56: =INDEX($B$3:$AM$50,MATCH(B56,$A$3:$A$50,0),MATCH($C$55,$B$1:$AM$1,0)) -> 2686.22
B57: =A4 -> 44228 | C57: =INDEX($B$3:$AM$50,MATCH(B57,$A$3:$A$50,0),MATCH($C$55,$B$1:$AM$1,0)) -> 2297
B58: =A5 -> 44256 | C58: =INDEX($B$3:$AM$50,MATCH(B58,$A$3:$A$50,0),MATCH($C$55,$B$1:$AM$1,0)) -> 3280
B59: =A6 -> 44287 | C59: =INDEX($B$3:$AM$50,MATCH(B59,$A$3:$A$50,0),MATCH($C$55,$B$1:$AM$1,0)) -> 3492
B60: =A7 -> 44317 | C60: =INDEX($B$3:$AM$50,MATCH(B60,$A$3:$A$50,0),MATCH($C$55,$B$1:$AM$1,0)) -> 3312
B61: =A8 -> 44348 | C61: =INDEX($B$3:$AM$50,MATCH(B61,$A$3:$A$50,0),MATCH($C$55,$B$1:$AM$1,0)) -> 3836
B62: =A9 -> 44378 | C62: =INDEX($B$3:$AM$50,MATCH(B62,$A$3:$A$50,0),MATCH($C$55,$B$1:$AM$1,0)) -> 3729
B63: =A10 -> 44409 | C63: =INDEX($B$3:$AM$50,MATCH(B63,$A$3:$A$50,0),MATCH($C$55,$B$1:$AM$1,0)) -> 3951
B64: =A11 -> 44440 | C64: =INDEX($B$3:$AM$50,MATCH(B64,$A$3:$A$50,0),MATCH($C$55,$B$1:$AM$1,0)) -> 4045
B65: =A12 -> 44470 | C65: =INDEX($B$3:$AM$50,MATCH(B65,$A$3:$A$50,0),MATCH($C$55,$B$1:$AM$1,0)) -> 3799
B66: =A13 -> 44501 | C66: =INDEX($B$3:$AM$50,MATCH(B66,$A$3:$A$50,0),MATCH($C$55,$B$1:$AM$1,0)) -> 3709
B67: =A14 -> 44531 | C67: =INDEX($B$3:$AM$50,MATCH(B67,$A$3:$A$50,0),MATCH($C$55,$B$1:$AM$1,0)) -> 3922
... B103: =A50 -> 45627 | C103: =INDEX($B$3:$AM$50,MATCH(B103,$A$3:$A$50,0),MATCH($C$55,$B$1:$AM$1,0)) -> 6031

Sheet UPT-SatSun
A1: Route> | B1: 3 | C1: 4 | D1: 5 | E1: 6 | F1: 7 | G1: 8 | H1: 9 | I1: 14 | J1: 17 | K1: 18 | L1: 19 | M1: 21 | N1: 22 | O1: 23 | P1: 25 | Q1: 28 | R1: 29 | S1: 34 | T1: 41 | U1: 42 | V1: 50 | W1: 52 | X1: 55 | Y1: 56 | Z1: 64 | AA1: 70 | AB1: 71 | AC1: 72 | AD1: 75 | AE1: 76 | AF1: 77 | AG1: 79 | AH1: 84 | AI1: 86 | AJ1: 93 | AK1: 96 | AL1: 97 | AM1: AVERAGE
A2: SAT/SUN COMBINED
A3: 44197 | B3: 2847.52 | C3: 2255.28 | D3: 2930.97 | E3: 827.51 | F3: 2857.81 | G3: 2536.3 | H3: 0 | I3: 1551.96 | J3: 983.4 | K3: 970.87 | L3: 2131.61 | M3: 233.67 | N3: 5641.21 | O3: 5925.41 | P3: 556.72 | Q3: 855.66 | R3: 2471.19 | S3: 1115.5 | U3: 1413.11 | V3: 6615.52 | W3: 10065.92 | X3: 12560.47 | Y3: 13914.45 | Z3: 0 | AB3: 0 | AC3: 113.62 | AD3: 0 | AE3: 836.83 | AF3: 155.85 | AG3: 0 | AH3: 0 | AJ3: 0 | AK3: 0 | AM3: 2496.0109
A4: 44228 | B4: 2147 | C4: 1438 | D4: 1513 | E4: 380 | F4: 2046 | G4: 1684 | H4: 0 | I4: 737 | J4: 877 | K4: 581 | L4: 1085 | M4: 147 | N4: 3572 | O4: 3820 | P4: 268 | Q4: 474 | R4: 1331 | S4: 630 | U4: 714 | V4: 4229 | W4: 6915 | X4: 8735 | Y4: 9130 | Z4: 0 | AB4: 0 | AC4: 65 | AD4: 0 | AE4: 485 | AF4: 77 | AG4: 0 | AH4: 0 | AJ4: 0 | AK4: 0 | AM4: 1608.4848
A5: 44256 | B5: 2262 | C5: 1672 | D5: 2287 | E5: 536 | F5: 2177 | G5: 1814 | H5: 0 | I5: 903 | J5: 914 | K5: 675 | L5: 1557 | M5: 203 | N5: 3950 | O5: 4338 | P5: 370 | Q5: 488 | R5: 1347 | S5: 1019 | U5: 970 | V5: 4595 | W5: 7372 | X5: 10180 | Y5: 9953 | Z5: 0 | AB5: 0 | AC5: 80 | AD5: 0 | AE5: 691 | AF5: 87 | AG5: 0 | AH5: 0 | AJ5: 0 | AK5: 0 | AM5: 1831.5152
A6: 44287 | B6: 2479 | C6: 1687 | D6: 2357 | E6: 826 | F6: 2500 | G6: 1913 | H6: 0 | I6: 1067 | J6: 1157 | K6: 889 | L6: 1786 | M6: 176 | N6: 4250 | O6: 4749 | P6: 217 | Q6: 569 | R6: 1447 | S6: 998 | U6: 1042 | V6: 5139 | W6: 8143 | X6: 11372 | Y6: 10098 | Z6: 0 | AB6: 0 | AC6: 41 | AD6: 0 | AE6: 500 | AF6: 119 | AG6: 0 | AH6: 0 | AJ6: 0 | AK6: 0 | AM6: 1985.4848
A7: 44317 | B7: 3010 | C7: 2103 | D7: 3134 | E7: 1274 | F7: 3353 | G7: 2350 | H7: 0 | I7: 1430 | J7: 1352 | K7: 1034 | L7: 2028 | M7: 134 | N7: 5303 | O7: 6900 | P7: 120 | Q7: 773 | R7: 1770 | S7: 1138 | U7: 1206 | V7: 5814 | W7: 10281 | X7: 15131 | Y7: 13122 | Z7: 0 | AB7: 0 | AC7: 0 | AD7: 0 | AE7: 1043 | AF7: 181 | AG7: 0 | AH7: 0 | AJ7: 0 | AK7: 0 | AM7: 2544.9697
A8: 44348 | B8: 2480 | C8: 1862 | D8: 2539 | E8: 1173 | F8: 3077 | G8: 2043 | H8: 0 | I8: 1112 | J8: 1300 | K8: 884 | L8: 1731 | M8: 125 | N8: 4475 | O8: 5907 | P8: 126 | Q8: 716 | R8: 1392 | S8: 1293 | U8: 960 | V8: 5455 | W8: 8913 | X8: 13198 | Y8: 11550 | Z8: 0 | AB8: 0 | AC8: 0 | AD8: 0 | AE8: 901 | AF8: 204 | AG8: 0 | AH8: 0 | AJ8: 0 | AK8: 0 | AM8: 2224.7273
A9: 44378 | B9: 2842 | C9: 2260 | D9: 3075 | E9: 1490 | F9: 3477 | G9: 2500 | H9: 0 | I9: 1148 | J9: 1402 | K9: 964 | L9: 2148 | M9: 150 | N9: 5022 | O9: 6878 | P9: 125 | Q9: 774 | R9: 1687 | S9: 1530 | U9: 1319 | V9: 6298 | W9: 10175 | X9: 17125 | Y9: 13220 | Z9: 0 | AB9: 0 | AC9: 0 | AD9: 0 | AE9: 998 | AF9: 300 | AG9: 0 | AH9: 0 | AJ9: 0 | AK9: 0 | AM9: 2633.5455
A10: 44409 | B10: 3073 | C10: 2181 | D10: 3200 | E10: 1347 | F10: 3900 | G10: 2625 | H10: 0 | I10: 1207 | J10: 1462 | K10: 1168 | L10: 2119 | M10: 136 | N10: 4683 | O10: 7020 | P10: 132 | Q10: 788 | R10: 1543 | S10: 1405 | U10: 1243 | V10: 5909 | W10: 10626 | X10: 16932 | Y10: 12902 | Z10: 0 | AB10: 0 | AC10: 0 | AD10: 0 | AE10: 983 | AF10: 257 | AG10: 0 | AH10: 0 | AJ10: 0 | AK10: 0 | AM10: 2631.5455
A11: 44440 | B11: 2994 | C11: 1684 | D11: 2913 | E11: 1192 | F11: 3993 | G11: 2312 | H11: 0 | I11: 990 | J11: 1403 | K11: 1106 | L11: 1901 | M11: 162 | N11: 4072 | O11: 6444 | P11: 142 | Q11: 640 | R11: 1527 | S11: 1156 | U11: 1197 | V11: 5876 | W11: 9469 | X11: 15209 | Y11: 11204 | Z11: 0 | AB11: 0 | AC11: 0 | AD11: 0 | AE11: 909 | AF11: 202 | AG11: 0 | AH11: 0 | AJ11: 0 | AK11: 0 | AM11: 2384.7576
A12: 44470 | B12: 3913 | C12: 2530 | D12: 4205 | E12: 1713 | F12: 4999 | G12: 3156 | H12: 0 | I12: 1580 | J12: 1934 | K12: 1429 | L12: 2725 | M12: 185 | N12: 5864 | O12: 8716 | P12: 177 | Q12: 922 | R12: 2071 | S12: 1762 | U12: 1540 | V12: 7868 | W12: 13054 | X12: 21715 | Y12: 15760 | Z12: 0 | AB12: 0 | AC12: 0 | AD12: 0 | AE12: 1329 | AF12: 247 | AG12: 0 | AH12: 0 | AJ12: 0 | AK12: 0 | AM12: 3314.9697
A13: 44501 | B13: 2917 | C13: 2117 | D13: 3046 | E13: 1316 | F13: 3570 | G13: 2573 | H13: 0 | I13: 1249 | J13: 1384 | K13: 1015 | L13: 2189 | M13: 179 | N13: 4336 | O13: 6640 | P13: 155 | Q13: 795 | R13: 1576 | S13: 1268 | U13: 1278 | V13: 6180 | W13: 9601 | X13: 16862 | Y13: 12210 | Z13: 0 | AB13: 0 | AC13: 0 | AD13: 0 | AE13: 1012 | AF13: 216 | AG13: 0 | AH13: 0 | AJ13: 0 | AK13: 0 | AM13: 2535.8788
A14: 44531 | B14: 2676 | C14: 2028 | D14: 2684 | E14: 1211 | F14: 3184 | G14: 2481 | H14: 0 | I14: 1159 | J14: 1194 | K14: 904 | L14: 1960 | M14: 116 | N14: 4042 | O14: 6019 | P14: 104 | Q14: 773 | R14: 1488 | S14: 1211 | U14: 1102 | V14: 5613 | W14: 8898 | X14: 15147 | Y14: 11428 | Z14: 0 | AB14: 0 | AC14: 0 | AD14: 0 | AE14: 988 | AF14: 163 | AG14: 0 | AH14: 0 | AJ14: 0 | AK14: 0 | AM14: 2320.3939
... A26: 44896 | B26: 8087 | C26: 2493 | D26: 0 | E26: 1983 | F26: 5063 | G26: 4007 | H26: 0 | I26: 1238 | J26: 1741 | K26: 1621 | L26: 2344 | M26: 0 | N26: 4838 | O26: 10009 | P26: 0 | Q26: 903 | R26: 1913 | S26: 1899 | U26: 1654 | V26: 7749 | W26: 12993 | X26: 21316 | Y26: 15211 | Z26: 0 | AB26: 0 | AC26: 0 | AD26: 115 | AE26: 1099 | AF26: 538 | AG26: 306 | AH26: 0 | AJ26: 0 | AK26: 0 | AM26: 3306.6667
A27: 44927 | B27: 6643 | C27: 2265 | E27: 1383 | F27: 4074 | G27: 3333 | H27: 0 | I27: 1532 | J27: 1587 | K27: 1125 | L27: 2413 | N27: 5326 | O27: 9796 | Q27: 1068 | R27: 1662 | S27: 1200 | U27: 1243 | V27: 6816 | W27: 10915 | X27: 18775 | Y27: 14680 | AD27: 148 | AE27: 1009 | AF27: 296 | AG27: 0 | AH27: 0 | AM27: 3891.56
A28: 44958 | B28: 6305 | C28: 2053 | E28: 1263 | F28: 3561 | G28: 2963 | H28: 0 | I28: 1250 | J28: 1450 | K28: 1006 | L28: 2159 | N28: 4426 | O28: 8273 | Q28: 680 | R28: 1540 | S28: 1118 | U28: 1209 | V28: 5910 | W28: 9722 | X28: 16682 | Y28: 13694 | AD28: 184 | AE28: 1048 | AF28: 354 | AG28: 0 | AH28: 0 | AM28: 3474
A29: 44986 | B29: 6656 | C29: 2224 | E29: 1297 | F29: 3913 | G29: 3004 | H29: 0 | I29: 1351 | J29: 1388 | K29: 1264 | L29: 2206 | N29: 4706 | O29: 7562 | Q29: 723 | R29: 1605 | S29: 1391 | U29: 1304 | V29: 6014 | W29: 10473 | X29: 18093 | Y29: 13527 | AD29: 153 | AE29: 938 | AF29: 383 | AG29: 0 | AH29: 0 | AM29: 3607
A30: 45017 | B30: 8174 | C30: 2500 | E30: 1861 | F30: 5143 | G30: 3535 | H30: 0 | I30: 1534 | J30: 1915 | K30: 1635 | L30: 2419 | N30: 6070 | O30: 9058 | Q30: 893 | R30: 2001 | S30: 1721 | U30: 1446 | V30: 8042 | W30: 13529 | X30: 22446 | Y30: 16796 | AD30: 166 | AE30: 1310 | AF30: 446 | AG30: 189 | AH30: 0 | AM30: 4513.16
A31: 45047 | B31: 9605 | C31: 2982 | E31: 2067 | F31: 5646 | G31: 4124 | H31: 0 | I31: 1593 | J31: 2048 | K31: 1980 | L31: 2880 | N31: 6126 | O31: 9739 | Q31: 1139 | R31: 2395 | S31: 1943 | U31: 1880 | V31: 9325 | W31: 16691 | X31: 26240 | Y31: 18143 | AD31: 113 | AE31: 1468 | AF31: 372 | AG31: 212 | AH31: 0 | AM31: 5148.44
A32: 45078 | B32: 8358 | C32: 2754 | E32: 1913 | F32: 5133 | G32: 3577 | H32: 0 | I32: 1122 | J32: 1831 | K32: 1762 | L32: 2684 | N32: 4956 | O32: 7995 | Q32: 1116 | R32: 2277 | S32: 2126 | U32: 1594 | V32: 7632 | W32: 13992 | X32: 23149 | Y32: 15111 | AD32: 150 | AE32: 1271 | AF32: 430 | AG32: 232 | AH32: 0 | AM32: 4446.6
A33: 45108 | B33: 11983 | C33: 3739 | E33: 2976 | F33: 8022 | G33: 4762 | H33: 0 | I33: 1701 | J33: 2374 | K33: 3603 | L33: 3793 | N33: 6462 | O33: 12802 | Q33: 1327 | R33: 3037 | S33: 2495 | U33: 2631 | V33: 12750 | W33: 20997 | X33: 32883 | Y33: 23477 | Z33: 0 | AB33: 0 | AD33: 113 | AE33: 1708 | AF33: 754 | AG33: 415 | AH33: 0 | AJ33: 0 | AK33: 0 | AM33: 5682.8966
A34: 45139 | B34: 8593 | C34: 2984 | E34: 2386 | F34: 5588 | G34: 3392 | H34: 0 | I34: 1100 | J34: 1835 | K34: 2954 | L34: 2809 | N34: 4907 | O34: 9833 | Q34: 941 | R34: 2200 | S34: 1732 | U34: 1867 | V34: 9652 | W34: 15433 | X34: 25020 | Y34: 16721 | Z34: 0 | AB34: 0 | AD34: 89 | AE34: 1234 | AF34: 614 | AG34: 316 | AH34: 0 | AJ34: 0 | AK34: 0 | AM34: 4213.7931
A35: 45170 | B35: 12856 | C35: 4428 | E35: 3133 | F35: 8472 | G35: 4355 | H35: 0 | I35: 1557 | J35: 2749 | K35: 4051 | L35: 4074 | N35: 6839 | O35: 13079 | Q35: 1442 | R35: 3146 | S35: 2657 | U35: 2605 | V35: 12466 | W35: 20879 | X35: 32100 | Y35: 22785 | Z35: 0 | AB35: 0 | AD35: 183 | AE35: 1793 | AF35: 1011 | AG35: 419 | AH35: 48 | AJ35: 0 | AK35: 0 | AM35: 5763
A36: 45200 | B36: 11074 | C36: 3598 | E36: 3051 | F36: 7455 | G36: 4700 | H36: 0 | I36: 1459 | J36: 2428 | K36: 3591 | L36: 3318 | N36: 6239 | O36: 11490 | Q36: 1296 | R36: 2772 | S36: 2319 | U36: 2415 | V36: 10861 | W36: 17860 | X36: 27671 | Y36: 19395 | Z36: 0 | AB36: 0 | AD36: 349 | AE36: 1610 | AF36: 1391 | AG36: 313 | AH36: 64 | AJ36: 0 | AK36: 0 | AM36: 5059.2759
A37: 45231 | B37: 9530 | C37: 3731 | E37: 2756 | F37: 6004 | G37: 4492 | H37: 0 | I37: 1403 | J37: 2041 | K37: 3091 | L37: 3203 | N37: 5633 | O37: 10349 | Q37: 1146 | R37: 2612 | S37: 2213 | U37: 2043 | V37: 10513 | W37: 15592 | X37: 25855 | Y37: 19060 | Z37: 0 | AB37: 0 | AD37: 288 | AE37: 1438 | AF37: 1189 | AG37: 291 | AH37: 0 | AJ37: 0 | AK37: 0 | AM37: 4637
A38: 45261 | B38: 11069 | C38: 4037 | E38: 3280 | F38: 7114 | G38: 6271 | H38: 0 | I38: 1676 | J38: 2429 | K38: 3538 | L38: 3766 | N38: 6546 | O38: 13352 | Q38: 1161 | R38: 2817 | S38: 2769 | U38: 2328 | V38: 11984 | W38: 17775 | X38: 29792 | Y38: 21915 | Z38: 933 | AB38: 0 | AD38: 395 | AE38: 1746 | AF38: 1354 | AG38: 376 | AH38: 0 | AJ38: 0 | AK38: 0 | AM38: 5462.8621
A39: 45292 | B39: 11612 | C39: 4121 | E39: 3624 | F39: 8090 | G39: 6894 | H39: 300 | I39: 1772 | J39: 2736 | K39: 3974 | L39: 2770 | N39: 7898 | O39: 15957 | Q39: 1371 | R39: 3388 | S39: 2440 | U39: 2566 | V39: 12203 | W39: 18660 | X39: 31255 | Y39: 23399 | Z39: 693 | AB39: 0 | AD39: 374 | AE39: 1672 | AF39: 1295 | AG39: 413 | AH39: 16 | AJ39: 86 | AM39: 6056.3929
A40: 45323 | B40: 9384 | C40: 3269 | E40: 2561 | F40: 6213 | G40: 5165 | H40: 0 | I40: 1302 | J40: 2048 | K40: 2834 | L40: 2860 | N40: 6324 | O40: 11277 | Q40: 1144 | R40: 2602 | S40: 2306 | U40: 2287 | V40: 8878 | W40: 14807 | X40: 24310 | Y40: 18283 | Z40: 0 | AB40: 0 | AD40: 340 | AE40: 1246 | AF40: 1234 | AG40: 322 | AH40: 50 | AJ40: 0 | AK40: 0 | AM40: 4518.8276
A41: 45352 | B41: 12149 | C41: 4063 | E41: 3578 | F41: 8081 | G41: 5902 | H41: 0 | I41: 1780 | J41: 2536 | K41: 3796 | L41: 3653 | N41: 7908 | O41: 12921 | Q41: 1139 | R41: 3353 | S41: 2579 | U41: 2930 | V41: 11744 | W41: 18988 | X41: 31863 | Y41: 22224 | Z41: 0 | AB41: 123 | AD41: 421 | AE41: 1666 | AF41: 1975 | AG41: 471 | AH41: 193 | AJ41: 0 | AK41: 0 | AM41: 5725.3793
A42: 45383 | B42: 9996 | C42: 3153 | E42: 3083 | F42: 6329 | G42: 3789 | H42: 0 | I42: 2491 | J42: 2199 | K42: 3202 | L42: 2776 | N42: 5452 | O42: 10070 | Q42: 580 | R42: 2551 | S42: 1794 | U42: 2277 | V42: 9661 | W42: 16279 | X42: 25474 | Y42: 17805 | Z42: 0 | AB42: 704 | AD42: 543 | AE42: 1310 | AF42: 1698 | AG42: 312 | AH42: 187 | AJ42: 0 | AK42: 0 | AM42: 4610.8621
A43: 45413 | B43: 11396 | C43: 3304 | E43: 3376 | F43: 6412 | G43: 4170 | H43: 0 | I43: 2612 | J43: 2328 | K43: 4396 | L43: 2992 | N43: 6399 | O43: 11415 | Q43: 674 | R43: 2807 | S43: 2246 | U43: 2695 | V43: 10656 | W43: 18509 | X43: 28018 | Y43: 20137 | Z43: 0 | AB43: 794 | AD43: 742 | AE43: 1553 | AF43: 2091 | AG43: 397 | AH43: 78 | AJ43: 0 | AK43: 0 | AM43: 5179.2069
A44: 45444 | B44: 12033 | C44: 3941 | E44: 3778 | F44: 7373 | G44: 4666 | H44: 0 | I44: 3147 | J44: 2705 | K44: 4472 | L44: 3347 | N44: 7195 | O44: 12939 | Q44: 745 | R44: 2918 | S44: 2352 | U44: 3492 | V44: 12017 | W44: 21394 | X44: 31122 | Y44: 21131 | Z44: 0 | AB44: 995 | AD44: 1046 | AE44: 1659 | AF44: 2392 | AG44: 415 | AH44: 190 | AJ44: 0 | AK44: 0 | AM44: 5774.6207
A45: 45474 | B45: 10613 | C45: 3614 | E45: 3200 | F45: 6405 | G45: 3976 | H45: 0 | I45: 2789 | J45: 2217 | K45: 3792 | L45: 2889 | N45: 5910 | O45: 11076 | Q45: 771 | R45: 2449 | S45: 2291 | U45: 2944 | V45: 10825 | W45: 17692 | X45: 26306 | Y45: 20061 | Z45: 0 | AB45: 873 | AD45: 931 | AE45: 1581 | AF45: 2107 | AG45: 363 | AH45: 0 | AJ45: 0 | AM45: 5202.6786
A46: 45505 | B46: 11505 | C46: 3933 | E46: 3654 | F46: 7130 | G46: 4453 | H46: 0 | I46: 2887 | J46: 2794 | K46: 4294 | L46: 3296 | N46: 6337 | O46: 11683 | Q46: 773 | R46: 2910 | S46: 2498 | U46: 2862 | V46: 12357 | W46: 19311 | X46: 28294 | Y46: 21507 | Z46: 0 | AB46: 1032 | AD46: 1158 | AE46: 1741 | AF46: 2416 | AG46: 490 | AH46: 52 | AJ46: 0 | AM46: 5691.6786
A47: 45536 | B47: 12663 | C47: 4368 | E47: 3939 | F47: 8153 | G47: 4664 | H47: 0 | I47: 3277 | J47: 3312 | K47: 4518 | L47: 3567 | N47: 7113 | O47: 12023 | Q47: 860 | R47: 3535 | S47: 2930 | U47: 3401 | V47: 13347 | W47: 19575 | X47: 29613 | Y47: 23909 | Z47: 0 | AB47: 1077 | AD47: 1697 | AE47: 1658 | AF47: 2744 | AG47: 351 | AH47: 45 | AJ47: 0 | AM47: 6154.9643
A48: 45566 | B48: 10767 | C48: 3868 | E48: 3470 | F48: 6793 | G48: 4178 | H48: 0 | I48: 2711 | J48: 2420 | K48: 3787 | L48: 3412 | N48: 6315 | O48: 11001 | Q48: 721 | R48: 2223 | S48: 2600 | U48: 2781 | V48: 10781 | W48: 16928 | X48: 24794 | Y48: 19979 | Z48: 0 | AB48: 918 | AD48: 1289 | AE48: 1441 | AF48: 2374 | AG48: 373 | AH48: 6 | AJ48: 0 | AM48: 5211.7857
A49: 45597 | B49: 11461 | C49: 4656 | E49: 3772 | F49: 7537 | G49: 5400 | H49: 0 | I49: 3478 | J49: 2735 | K49: 4103 | L49: 3444 | N49: 7287 | O49: 13401 | Q49: 780 | R49: 2995 | S49: 3136 | U49: 3116 | V49: 12560 | W49: 16953 | X49: 28541 | Y49: 23752 | Z49: 0 | AB49: 1432 | AD49: 1499 | AE49: 1964 | AF49: 2542 | AG49: 474 | AH49: 0 | AJ49: 0 | AM49: 5964.9286
A50: 45627 | B50: 9438 | C50: 4364 | E50: 3267 | F50: 6252 | G50: 5024 | H50: 0 | I50: 3249 | J50: 2279 | K50: 3423 | L50: 3107 | N50: 6972 | O50: 11956 | Q50: 671 | R50: 2201 | S50: 2786 | U50: 2129 | V50: 11382 | W50: 15241 | X50: 25924 | Y50: 23048 | Z50: 0 | AB50: 1324 | AD50: 1201 | AE50: 1837 | AF50: 2313 | AG50: 374 | AH50: 0 | AJ50: 0 | AM50: 5348.6429
A53: Date | B53: SATURDAY | F53: What about 2023 and 2024?
A54: 44197 | B54: 1621.84 | C54: 1291.03 | D54: 1644.96 | E54: 827.51 | F54: 1611.04 | G54: 1453.24 | H54: 0 | I54: 946.74 | J54: 575.85 | K54: 504.18 | L54: 1242.77 | M54: 233.67 | N54: 3416.61 | O54: 3405.48 | P54: 309.29 | Q54: 438.39 | R54: 1479.05 | S54: 624.25 | U54: 793.68 | V54: 4043.21 | W54: 5659.95 | X54: 7187.53 | Y54: 8177.56 | AC54: 113.62 | AE54: 443.14 | AF54: 155.85 | AM54: 1853.8631
A55: 44228 | B55: 1214 | C55: 825 | D55: 873 | E55: 380 | F55: 1161 | G55: 974 | H55: 0 | I55: 438 | J55: 561 | K55: 330 | L55: 628 | M55: 147 | N55: 2185 | O55: 2288 | P55: 130 | Q55: 236 | R55: 765 | S55: 405 | U55: 426 | V55: 2641 | W55: 3911 | X55: 4943 | Y55: 5477 | Z55: 0 | AC55: 65 | AE55: 283 | AF55: 77 | AH55: 0 | AK55: 0 | AM55: 1081.4828
A56: 44256 | B56: 1252 | C56: 937 | D56: 1250 | E56: 536 | F56: 1156 | G56: 1023 | H56: 0 | I56: 550 | J56: 537 | K56: 358 | L56: 850 | M56: 203 | N56: 2442 | O56: 2363 | P56: 224 | Q56: 242 | R56: 766 | S56: 607 | U56: 530 | V56: 2766 | W56: 4024 | X56: 5566 | Y56: 5587 | Z56: 0 | AC56: 80 | AE56: 368 | AF56: 87 | AH56: 0 | AK56: 0 | AM56: 1182.8966
A57: 44287 | B57: 1439 | C57: 891 | D57: 1320 | E57: 542 | F57: 1378 | G57: 1099 | H57: 0 | I57: 640 | J57: 659 | K57: 451 | L57: 930 | M57: 176 | N57: 2421 | O57: 2628 | P57: 179 | Q57: 282 | R57: 838 | S57: 638 | U57: 562 | V57: 3047 | W57: 4428 | X57: 6190 | Y57: 5910 | Z57: 0 | AC57: 41 | AE57: 286 | AF57: 119 | AH57: 0 | AK57: 0 | AM57: 1279.1034
A58: 44317 | B58: 1736 | C58: 1163 | D58: 1876 | E58: 838 | F58: 1811 | G58: 1425 | H58: 0 | I58: 866 | J58: 792 | K58: 496 | L58: 1144 | M58: 134 | N58: 3056 | O58: 3971 | P58: 120 | Q58: 418 | R58: 1040 | S58: 648 | U58: 717 | V58: 3523 | W58: 5697 | X58: 8692 | Y58: 7885 | Z58: 0 | AC58: 0 | AE58: 598 | AF58: 181 | AH58: 0 | AK58: 0 | AM58: 1683.6897
A59: 44348 | B59: 1382 | C59: 1042 | D59: 1527 | E59: 755 | F59: 1553 | G59: 1188 | H59: 0 | I59: 694 | J59: 742 | K59: 446 | L59: 969 | M59: 125 | N59: 2732 | O59: 3408 | P59: 126 | Q59: 391 | R59: 867 | S59: 787 | U59: 474 | V59: 3341 | W59: 4937 | X59: 7475 | Y59: 6978 | Z59: 0 | AC59: 0 | AE59: 523 | AF59: 204 | AH59: 0 | AK59: 0 | AM59: 1471.2414
A60: 44378 | B60: 1757 | C60: 1450 | D60: 2057 | E60: 1024 | F60: 2200 | G60: 1660 | H60: 0 | I60: 761 | J60: 936 | K60: 575 | L60: 1335 | M60: 150 | N60: 3349 | O60: 4493 | P60: 125 | Q60: 452 | R60: 1113 | S60: 1032 | U60: 835 | V60: 4294 | W60: 6282 | X60: 10963 | Y60: 8573 | Z60: 0 | AC60: 0 | AE60: 630 | AF60: 300 | AH60: 0 | AK60: 0 | AM60: 1942.9655
A61: 44409 | B61: 1436 | C61: 1144 | D61: 1688 | E61: 741 | F61: 1940 | G61: 1357 | H61: 0 | I61: 646 | J61: 816 | K61: 543 | L61: 1045 | M61: 136 | N61: 2529 | O61: 3555 | P61: 131 | Q61: 370 | R61: 848 | S61: 760 | U61: 619 | V61: 3253 | W61: 5256 | X61: 8560 | Y61: 6795 | Z61: 0 | AC61: 0 | AE61: 525 | AF61: 257 | AH61: 0 | AK61: 0 | AM61: 1550
A62: 44440 | B62: 1627 | C62: 958 | D62: 1726 | E62: 712 | F62: 2377 | G62: 1293 | H62: 0 | I62: 569 | J62: 821 | K62: 577 | L62: 1065 | M62: 162 | N62: 2523 | O62: 3689 | P62: 142 | Q62: 373 | R62: 913 | S62: 663 | U62: 616 | V62: 3701 | W62: 5360 | X62: 8616 | Y62: 6739 | Z62: 0 | AC62: 0 | AE62: 491 | AF62: 202 | AH62: 0 | AK62: 0 | AM62: 1583.2759
A63: 44470 | B63: 2178 | C63: 1430 | D63: 2474 | E63: 1071 | F63: 2838 | G63: 1801 | H63: 0 | I63: 923 | J63: 1139 | K63: 780 | L63: 1554 | M63: 185 | N63: 3592 | O63: 5065 | P63: 177 | Q63: 527 | R63: 1175 | S63: 1047 | U63: 811 | V63: 4687 | W63: 7109 | X63: 11872 | Y63: 9026 | Z63: 0 | AC63: 0 | AE63: 773 | AF63: 247 | AH63: 0 | AK63: 0 | AM63: 2154.5172
A64: 44501 | B64: 1590 | C64: 1169 | D64: 1735 | E64: 791 | F64: 2128 | G64: 1415 | H64: 0 | I64: 722 | J64: 864 | K64: 536 | L64: 1209 | M64: 179 | N64: 2610 | O64: 3833 | P64: 155 | Q64: 428 | R64: 889 | S64: 717 | U64: 679 | V64: 3789 | W64: 5409 | X64: 9152 | Y64: 6947 | Z64: 0 | AC64: 0 | AE64: 619 | AF64: 216 | AH64: 0 | AK64: 0 | AM64: 1647.6207
A65: 44531 | B65: 1293 | C65: 997 | D65: 1443 | E65: 642 | F65: 1550 | G65: 1213 | H65: 0 | I65: 633 | J65: 721 | K65: 489 | L65: 970 | M65: 116 | N65: 2276 | O65: 3004 | P65: 104 | Q65: 377 | R65: 814 | S65: 604 | U65: 523 | V65: 3114 | W65: 4282 | X65: 7607 | Y65: 5933 | Z65: 0 | AC65: 0 | AE65: 589 | AF65: 163 | AH65: 0 | AK65: 0 | AM65: 1360.5862
A66: 44562 | B66: 1658 | C66: 1115 | D66: 1542 | E66: 704 | F66: 1949 | G66: 1722 | H66: 0 | I66: 739 | J66: 870 | K66: 518 | L66: 1076 | M66: 71 | N66: 2975 | O66: 4717 | P66: 109 | Q66: 516 | R66: 737 | S66: 578 | U66: 517 | V66: 3814 | W66: 5417 | X66: 9470 | Y66: 7573 | Z66: 0 | AC66: 0 | AE66: 472 | AF66: 181 | AH66: 0 | AK66: 0 | AM66: 1691.0345
... A68: 44621 | B68: 1595 | C68: 1111 | D68: 1909 | E68: 717 | F68: 2101 | G68: 1676 | H68: 0 | I68: 747 | J68: 818 | K68: 677 | L68: 1159 | M68: 144 | N68: 2787 | O68: 4162 | P68: 153 | Q68: 457 | R68: 854 | S68: 773 | U68: 665 | V68: 3693 | W68: 5434 | X68: 9630 | Y68: 7390 | Z68: 0 | AC68: 0 | AE68: 534 | AF68: 239 | AH68: 0 | AK68: 0 | AM68: 1704.3103
A69: 44652 | B69: 4469 | C69: 1419 | D69: 486 | E69: 1167 | F69: 3059 | G69: 2285 | H69: 0 | I69: 902 | J69: 1201 | K69: 932 | L69: 1481 | M69: 25 | N69: 3892 | O69: 5632 | P69: 34 | Q69: 559 | R69: 1274 | S69: 1100 | U69: 834 | V69: 5184 | W69: 8011 | X69: 13688 | Y69: 10729 | Z69: 0 | AC69: 0 | AD69: 132 | AE69: 784 | AF69: 421 | AG69: 189 | AH69: 0 | AK69: 0 | AM69: 2254.4839
A70: 44682 | B70: 1302 | C70: 0 | D70: 960 | E70: 2315 | F70: 1902 | G70: 0 | H70: 623 | I70: 1044 | J70: 856 | K70: 1289 | L70: 0 | M70: 2966 | N70: 4458 | O70: 0 | P70: 522 | Q70: 1100 | R70: 878 | S70: 722 | U70: 4357 | V70: 7409 | W70: 12022 | X70: 8275 | Y70: 0 | AB70: 0 | AC70: 113 | AD70: 632 | AE70: 372 | AF70: 212 | AG70: 0 | AJ70: 0 | AM70: 1810.9667 | AR70: 0
A71: 44713 | B71: 4519 | C71: 1539 | D71: 0 | E71: 1040 | F71: 2624 | G71: 2084 | H71: 0 | I71: 570 | J71: 1118 | K71: 1010 | L71: 1444 | M71: 0 | N71: 2959 | O71: 4355 | P71: 0 | Q71: 649 | R71: 1265 | S71: 1320 | U71: 809 | V71: 4347 | W71: 7816 | X71: 13079 | Y71: 8546 | Z71: 0 | AC71: 0 | AD71: 150 | AE71: 702 | AF71: 430 | AG71: 232 | AH71: 0 | AK71: 0 | AM71: 2019.5806
A72: 44743 | B72: 5393 | C72: 1764 | D72: 0 | E72: 1318 | F72: 3293 | G72: 2689 | H72: 0 | I72: 845 | J72: 1417 | K72: 1131 | L72: 1715 | M72: 0 | N72: 3877 | O72: 5994 | P72: 0 | Q72: 589 | R72: 1540 | S72: 1491 | U72: 1048 | V72: 5691 | W72: 9416 | X72: 15786 | Y72: 10654 | Z72: 0 | AC72: 0 | AD72: 157 | AE72: 864 | AF72: 469 | AG72: 278 | AH72: 0 | AK72: 0 | AM72: 2497.3871
A73: 44774 | B73: 4563 | C73: 1512 | D73: 0 | E73: 1171 | F73: 2795 | G73: 2250 | H73: 0 | I73: 682 | J73: 1275 | K73: 1043 | L73: 1357 | M73: 0 | N73: 3172 | O73: 4985 | P73: 0 | Q73: 569 | R73: 1244 | S73: 1151 | U73: 743 | V73: 4730 | W73: 7324 | X73: 13033 | Y73: 8951 | Z73: 0 | AC73: 0 | AD73: 115 | AE73: 751 | AF73: 463 | AG73: 258 | AH73: 0 | AK73: 0 | AM73: 2068.9355
A74: 44805 | B74: 4589 | C74: 1553 | D74: 0 | E74: 1272 | F74: 3235 | G74: 2389 | H74: 0 | I74: 672 | J74: 1338 | K74: 918 | L74: 1496 | M74: 0 | N74: 2987 | O74: 4840 | P74: 0 | Q74: 453 | R74: 1364 | S74: 1186 | U74: 839 | V74: 4842 | W74: 7671 | X74: 12806 | Y74: 8875 | Z74: 0 | AC74: 0 | AD74: 170 | AE74: 629 | AF74: 545 | AG74: 257 | AH74: 0 | AK74: 0 | AM74: 2094.3871
A75: 44835 | B75: 6638 | C75: 1977 | D75: 0 | E75: 1491 | F75: 4040 | G75: 2856 | H75: 63 | I75: 1052 | J75: 1610 | K75: 1190 | L75: 1768 | M75: 0 | N75: 4480 | O75: 6716 | P75: 0 | Q75: 652 | R75: 1636 | S75: 1318 | U75: 1127 | V75: 6345 | W75: 9423 | X75: 16636 | Y75: 11751 | Z75: 0 | AC75: 0 | AD75: 224 | AE75: 953 | AF75: 602 | AG75: 357 | AH75: 0 | AK75: 0 | AM75: 2738.871
A76: 44866 | B76: 4632 | C76: 1302 | D76: 0 | E76: 1045 | F76: 2598 | G76: 2167 | H76: 0 | I76: 731 | J76: 1055 | K76: 788 | L76: 1220 | M76: 0 | N76: 2719 | O76: 4863 | P76: 0 | Q76: 501 | R76: 1095 | S76: 1039 | U76: 824 | V76: 4410 | W76: 6620 | X76: 11342 | Y76: 8477 | Z76: 0 | AC76: 0 | AD76: 135 | AE76: 583 | AF76: 348 | AG76: 169 | AH76: 0 | AK76: 0 | AM76: 1892.3548
A77: 44896 | B77: 4877 | C77: 1577 | D77: 0 | E77: 1253 | F77: 3076 | G77: 2592 | H77: 0 | I77: 756 | J77: 1168 | K77: 924 | L77: 1444 | M77: 0 | N77: 3338 | O77: 6051 | P77: 0 | Q77: 558 | R77: 1180 | S77: 1174 | U77: 875 | V77: 4957 | W77: 7666 | X77: 12724 | Y77: 9638 | Z77: 0 | AC77: 0 | AD77: 115 | AE77: 708 | AF77: 538 | AG77: 306 | AH77: 0 | AK77: 0 | AM77: 2177.2581
A80: SUNDAY
A81: 44197 | B81: 1225.68 | C81: 964.25 | D81: 1286.01 | E81: 0 | F81: 1246.77 | G81: 1083.06 | H81: 0 | I81: 605.22 | J81: 407.55 | K81: 466.69 | L81: 888.84 | M81: 0 | N81: 2224.6 | O81: 2519.93 | P81: 247.43 | Q81: 417.27 | R81: 992.14 | S81: 491.25 | U81: 619.43 | V81: 2572.31 | W81: 4405.97 | X81: 5372.94 | Y81: 5736.89 | Z81: 0 | AB81: 0 | AC81: 0 | AD81: 0 | AE81: 393.69 | AF81: 0 | AG81: 0 | AH81: 0 | AJ81: 0 | AK81: 0 | AM81: 1035.3915
A82: 44228 | B82: 933 | C82: 613 | D82: 640 | E82: 0 | F82: 885 | G82: 710 | H82: 0 | I82: 299 | J82: 316 | K82: 251 | L82: 457 | M82: 0 | N82: 1387 | O82: 1532 | P82: 138 | Q82: 238 | R82: 566 | S82: 225 | U82: 288 | V82: 1588 | W82: 3004 | X82: 3792 | Y82: 3653 | Z82: 0 | AB82: 0 | AC82: 0 | AD82: 0 | AE82: 202 | AF82: 0 | AG82: 0 | AH82: 0 | AJ82: 0 | AK82: 0 | AM82: 658.09091
A83: 44256 | B83: 1010 | C83: 735 | D83: 1037 | E83: 0 | F83: 1021 | G83: 791 | H83: 0 | I83: 353 | J83: 377 | K83: 317 | L83: 707 | M83: 0 | N83: 1508 | O83: 1975 | P83: 146 | Q83: 246 | R83: 581 | S83: 412 | U83: 440 | V83: 1829 | W83: 3348 | X83: 4614 | Y83: 4366 | Z83: 0 | AB83: 0 | AC83: 0 | AD83: 0 | AE83: 323 | AF83: 0 | AG83: 0 | AH83: 0 | AJ83: 0 | AK83: 0 | AM83: 792
A84: 44287 | B84: 1040 | C84: 796 | D84: 1037 | E84: 284 | F84: 1122 | G84: 814 | H84: 0 | I84: 427 | J84: 498 | K84: 438 | L84: 856 | M84: 0 | N84: 1829 | O84: 2121 | P84: 38 | Q84: 287 | R84: 609 | S84: 360 | U84: 480 | V84: 2092 | W84: 3715 | X84: 5182 | Y84: 4188 | Z84: 0 | AB84: 0 | AC84: 0 | AD84: 0 | AE84: 214 | AF84: 0 | AG84: 0 | AH84: 0 | AJ84: 0 | AK84: 0 | AM84: 861.42424
A85: 44317 | B85: 1274 | C85: 940 | D85: 1258 | E85: 436 | F85: 1542 | G85: 925 | H85: 0 | I85: 564 | J85: 560 | K85: 538 | L85: 884 | M85: 0 | N85: 2247 | O85: 2929 | P85: 0 | Q85: 355 | R85: 730 | S85: 490 | U85: 489 | V85: 2291 | W85: 4584 | X85: 6439 | Y85: 5237 | Z85: 0 | AB85: 0 | AC85: 0 | AD85: 0 | AE85: 445 | AF85: 0 | AG85: 0 | AH85: 0 | AJ85: 0 | AK85: 0 | AM85: 1065.3636
A86: 44348 | B86: 1098 | C86: 820 | D86: 1012 | E86: 418 | F86: 1524 | G86: 855 | H86: 0 | I86: 418 | J86: 558 | K86: 438 | L86: 762 | M86: 0 | N86: 1743 | O86: 2499 | P86: 0 | Q86: 325 | R86: 525 | S86: 506 | U86: 486 | V86: 2114 | W86: 3976 | X86: 5723 | Y86: 4572 | Z86: 0 | AB86: 0 | AC86: 0 | AD86: 0 | AE86: 378 | AF86: 0 | AG86: 0 | AH86: 0 | AJ86: 0 | AK86: 0 | AM86: 931.81818
A87: 44378 | B87: 1085 | C87: 810 | D87: 1018 | E87: 466 | F87: 1277 | G87: 840 | H87: 0 | I87: 387 | J87: 466 | K87: 389 | L87: 813 | M87: 0 | N87: 1673 | O87: 2385 | P87: 0 | Q87: 322 | R87: 574 | S87: 498 | U87: 484 | V87: 2004 | W87: 3893 | X87: 6162 | Y87: 4647 | Z87: 0 | AB87: 0 | AC87: 0 | AD87: 0 | AE87: 368 | AF87: 0 | AG87: 0 | AH87: 0 | AJ87: 0 | AK87: 0 | AM87: 926.09091
A88: 44409 | B88: 1637 | C88: 1037 | D88: 1512 | E88: 606 | F88: 1960 | G88: 1268 | H88: 0 | I88: 561 | J88: 646 | K88: 625 | L88: 1074 | M88: 0 | N88: 2154 | O88: 3465 | P88: 1 | Q88: 418 | R88: 695 | S88: 645 | U88: 624 | V88: 2656 | W88: 5370 | X88: 8372 | Y88: 6107 | Z88: 0 | AB88: 0 | AC88: 0 | AD88: 0 | AE88: 458 | AF88: 0 | AG88: 0 | AH88: 0 | AJ88: 0 | AK88: 0 | AM88: 1269.4242
A89: 44440 | B89: 1367 | C89: 726 | D89: 1187 | E89: 480 | F89: 1616 | G89: 1019 | H89: 0 | I89: 421 | J89: 582 | K89: 529 | L89: 836 | M89: 0 | N89: 1549 | O89: 2755 | P89: 0 | Q89: 267 | R89: 614 | S89: 493 | U89: 581 | V89: 2175 | W89: 4109 | X89: 6593 | Y89: 4465 | Z89: 0 | AB89: 0 | AC89: 0 | AD89: 0 | AE89: 418 | AF89: 0 | AG89: 0 | AH89: 0 | AJ89: 0 | AK89: 0 | AM89: 993.39394
A90: 44470 | B90: 1735 | C90: 1100 | D90: 1731 | E90: 642 | F90: 2161 | G90: 1355 | H90: 0 | I90: 657 | J90: 795 | K90: 649 | L90: 1171 | M90: 0 | N90: 2272 | O90: 3651 | P90: 0 | Q90: 395 | R90: 896 | S90: 715 | U90: 729 | V90: 3181 | W90: 5945 | X90: 9843 | Y90: 6734 | Z90: 0 | AB90: 0 | AC90: 0 | AD90: 0 | AE90: 556 | AF90: 0 | AG90: 0 | AH90: 0 | AJ90: 0 | AK90: 0 | AM90: 1421.6061
A91: 44501 | B91: 1327 | C91: 948 | D91: 1311 | E91: 525 | F91: 1442 | G91: 1158 | H91: 0 | I91: 527 | J91: 520 | K91: 479 | L91: 980 | M91: 0 | N91: 1726 | O91: 2807 | P91: 0 | Q91: 367 | R91: 687 | S91: 551 | U91: 599 | V91: 2391 | W91: 4192 | X91: 7710 | Y91: 5263 | Z91: 0 | AB91: 0 | AC91: 0 | AD91: 0 | AE91: 393 | AF91: 0 | AG91: 0 | AH91: 0 | AJ91: 0 | AK91: 0 | AM91: 1087.9697
A92: 44531 | B92: 1383 | C92: 1031 | D92: 1241 | E92: 569 | F92: 1634 | G92: 1268 | H92: 0 | I92: 526 | J92: 473 | K92: 415 | L92: 990 | M92: 0 | N92: 1766 | O92: 3015 | P92: 0 | Q92: 396 | R92: 674 | S92: 607 | U92: 579 | V92: 2499 | W92: 4616 | X92: 7540 | Y92: 5495 | Z92: 0 | AB92: 0 | AC92: 0 | AD92: 0 | AE92: 399 | AF92: 0 | AG92: 0 | AH92: 0 | AJ92: 0 | AK92: 0 | AM92: 1124.7273
... A104: 44896 | B104: 3210 | C104: 916 | D104: 0 | E104: 730 | F104: 1987 | G104: 1415 | H104: 0 | I104: 482 | J104: 573 | K104: 697 | L104: 900 | M104: 0 | N104: 1500 | O104: 3958 | P104: 0 | Q104: 345 | R104: 733 | S104: 725 | U104: 779 | V104: 2792 | W104: 5327 | X104: 8592 | Y104: 5573 | Z104: 0 | AB104: 0 | AC104: 0 | AD104: 0 | AE104: 391 | AF104: 0 | AG104: 0 | AH104: 0 | AJ104: 0 | AK104: 0 | AM104: 1261.3636

Sheet UPT- Total
A1: Route> | B1: 3 | C1: 4 | D1: 5 | E1: 6 | F1: 7 | G1: 8 | H1: 9 | I1: 14 | J1: 17 | K1: 18 | L1: 19 | M1: 21 | N1: 22 | O1: 23 | P1: 25 | Q1: 28 | R1: 29 | S1: 34 | T1: 41 | U1: 42 | V1: 50 | W1: 52 | X1: 55 | Y1: 56 | Z1: 64 | AA1: 70 | AB1: 71 | AC1: 72 | AD1: 75 | AE1: 76 | AF1: 77 | AG1: 79 | AH1: 84 | AI1: 86 | AJ1: 93 | AK1: 96 | AL1: 97 | AM1: AVERAGE
A2: Date
A3: 44197 | B3: ='UPT-Weekday'!B3+'UPT-SatSun'!B3 -> 9964.3 | C3: ='UPT-Weekday'!C3+'UPT-SatSun'!C3 -> 8207.71 | D3: ='UPT-Weekday'!D3+'UPT-SatSun'!D3 -> 10388.6 | E3: ='UPT-Weekday'!E3+'UPT-SatSun'!E3 -> 4966.06 | F3: ='UPT-Weekday'!F3+'UPT-SatSun'!F3 -> 11448.37 | G3: ='UPT-Weekday'!G3+'UPT-SatSun'!G3 -> 10151.31 | H3: ='UPT-Weekday'!H3+'UPT-SatSun'!H3 -> 3382.43 | I3: ='UPT-Weekday'!I3+'UPT-SatSun'!I3 -> 5169.16 | ... AL3: ='UPT-Weekday'!AL3+'UPT-SatSun'!AL3 -> 0 | AM3: =AVERAGE(B3:AL3) -> 8310.2278
A4: 44228 | B4: ='UPT-Weekday'!B4+'UPT-SatSun'!B4 -> 9251 | C4: ='UPT-Weekday'!C4+'UPT-SatSun'!C4 -> 6258 | D4: ='UPT-Weekday'!D4+'UPT-SatSun'!D4 -> 8179 | E4: ='UPT-Weekday'!E4+'UPT-SatSun'!E4 -> 3925 | F4: ='UPT-Weekday'!F4+'UPT-SatSun'!F4 -> 10433 | G4: ='UPT-Weekday'!G4+'UPT-SatSun'!G4 -> 8059 | H4: ='UPT-Weekday'!H4+'UPT-SatSun'!H4 -> 2618 | I4: ='UPT-Weekday'!I4+'UPT-SatSun'!I4 -> 3505 | ... AL4: ='UPT-Weekday'!AL4+'UPT-SatSun'!AL4 -> 0 | AM4: =AVERAGE(B4:AL4) -> 7019
A5: 44256 | B5: ='UPT-Weekday'!B5+'UPT-SatSun'!B5 -> 12295 | C5: ='UPT-Weekday'!C5+'UPT-SatSun'!C5 -> 9559 | D5: ='UPT-Weekday'!D5+'UPT-SatSun'!D5 -> 12953 | E5: ='UPT-Weekday'!E5+'UPT-SatSun'!E5 -> 6392 | F5: ='UPT-Weekday'!F5+'UPT-SatSun'!F5 -> 14331 | G5: ='UPT-Weekday'!G5+'UPT-SatSun'!G5 -> 11462 | H5: ='UPT-Weekday'!H5+'UPT-SatSun'!H5 -> 3476 | I5: ='UPT-Weekday'!I5+'UPT-SatSun'!I5 -> 5222 | ... AL5: ='UPT-Weekday'!AL5+'UPT-SatSun'!AL5 -> 0 | AM5: =AVERAGE(B5:AL5) -> 9469.4595
A6: 44287 | B6: ='UPT-Weekday'!B6+'UPT-SatSun'!B6 -> 13037 | C6: ='UPT-Weekday'!C6+'UPT-SatSun'!C6 -> 10990 | D6: ='UPT-Weekday'!D6+'UPT-SatSun'!D6 -> 14365 | E6: ='UPT-Weekday'!E6+'UPT-SatSun'!E6 -> 7449 | F6: ='UPT-Weekday'!F6+'UPT-SatSun'!F6 -> 17396 | G6: ='UPT-Weekday'!G6+'UPT-SatSun'!G6 -> 11936 | H6: ='UPT-Weekday'!H6+'UPT-SatSun'!H6 -> 3860 | I6: ='UPT-Weekday'!I6+'UPT-SatSun'!I6 -> 5525 | ... AL6: ='UPT-Weekday'!AL6+'UPT-SatSun'!AL6 -> 0 | AM6: =AVERAGE(B6:AL6) -> 10360.027
A7: 44317 | B7: ='UPT-Weekday'!B7+'UPT-SatSun'!B7 -> 12658 | C7: ='UPT-Weekday'!C7+'UPT-SatSun'!C7 -> 10568 | D7: ='UPT-Weekday'!D7+'UPT-SatSun'!D7 -> 14180 | E7: ='UPT-Weekday'!E7+'UPT-SatSun'!E7 -> 7517 | F7: ='UPT-Weekday'!F7+'UPT-SatSun'!F7 -> 17337 | G7: ='UPT-Weekday'!G7+'UPT-SatSun'!G7 -> 11498 | H7: ='UPT-Weekday'!H7+'UPT-SatSun'!H7 -> 3353 | I7: ='UPT-Weekday'!I7+'UPT-SatSun'!I7 -> 5471 | ... AL7: ='UPT-Weekday'!AL7+'UPT-SatSun'!AL7 -> 0 | AM7: =AVERAGE(B7:AL7) -> 10207.054
A8: 44348 | B8: ='UPT-Weekday'!B8+'UPT-SatSun'!B8 -> 13235 | C8: ='UPT-Weekday'!C8+'UPT-SatSun'!C8 -> 10994 | D8: ='UPT-Weekday'!D8+'UPT-SatSun'!D8 -> 13901 | E8: ='UPT-Weekday'!E8+'UPT-SatSun'!E8 -> 7671 | F8: ='UPT-Weekday'!F8+'UPT-SatSun'!F8 -> 18424 | G8: ='UPT-Weekday'!G8+'UPT-SatSun'!G8 -> 12408 | H8: ='UPT-Weekday'!H8+'UPT-SatSun'!H8 -> 4010 | I8: ='UPT-Weekday'!I8+'UPT-SatSun'!I8 -> 5956 | ... AL8: ='UPT-Weekday'!AL8+'UPT-SatSun'!AL8 -> 0 | AM8: =AVERAGE(B8:AL8) -> 10877.405
A9: 44378 | B9: ='UPT-Weekday'!B9+'UPT-SatSun'!B9 -> 13836 | C9: ='UPT-Weekday'!C9+'UPT-SatSun'!C9 -> 11599 | D9: ='UPT-Weekday'!D9+'UPT-SatSun'!D9 -> 14795 | E9: ='UPT-Weekday'!E9+'UPT-SatSun'!E9 -> 8378 | F9: ='UPT-Weekday'!F9+'UPT-SatSun'!F9 -> 19163 | G9: ='UPT-Weekday'!G9+'UPT-SatSun'!G9 -> 13182 | H9: ='UPT-Weekday'!H9+'UPT-SatSun'!H9 -> 3845 | I9: ='UPT-Weekday'!I9+'UPT-SatSun'!I9 -> 5640 | ... AL9: ='UPT-Weekday'!AL9+'UPT-SatSun'!AL9 -> 0 | AM9: =AVERAGE(B9:AL9) -> 11626.757
A10: 44409 | B10: ='UPT-Weekday'!B10+'UPT-SatSun'!B10 -> 16267 | C10: ='UPT-Weekday'!C10+'UPT-SatSun'!C10 -> 13586 | D10: ='UPT-Weekday'!D10+'UPT-SatSun'!D10 -> 18729 | E10: ='UPT-Weekday'!E10+'UPT-SatSun'!E10 -> 9745 | F10: ='UPT-Weekday'!F10+'UPT-SatSun'!F10 -> 25241 | G10: ='UPT-Weekday'!G10+'UPT-SatSun'!G10 -> 14761 | H10: ='UPT-Weekday'!H10+'UPT-SatSun'!H10 -> 4039 | I10: ='UPT-Weekday'!I10+'UPT-SatSun'!I10 -> 6033 | ... AL10: ='UPT-Weekday'!AL10+'UPT-SatSun'!AL10 -> 0 | AM10: =AVERAGE(B10:AL10) -> 12914.162
A11: 44440 | B11: ='UPT-Weekday'!B11+'UPT-SatSun'!B11 -> 16751 | C11: ='UPT-Weekday'!C11+'UPT-SatSun'!C11 -> 13134 | D11: ='UPT-Weekday'!D11+'UPT-SatSun'!D11 -> 19817 | E11: ='UPT-Weekday'!E11+'UPT-SatSun'!E11 -> 9943 | F11: ='UPT-Weekday'!F11+'UPT-SatSun'!F11 -> 26884 | G11: ='UPT-Weekday'!G11+'UPT-SatSun'!G11 -> 14583 | H11: ='UPT-Weekday'!H11+'UPT-SatSun'!H11 -> 4158 | I11: ='UPT-Weekday'!I11+'UPT-SatSun'!I11 -> 5949 | ... AL11: ='UPT-Weekday'!AL11+'UPT-SatSun'!AL11 -> 0 | AM11: =AVERAGE(B11:AL11) -> 13143.054
A12: 44470 | B12: ='UPT-Weekday'!B12+'UPT-SatSun'!B12 -> 17850 | C12: ='UPT-Weekday'!C12+'UPT-SatSun'!C12 -> 13519 | D12: ='UPT-Weekday'!D12+'UPT-SatSun'!D12 -> 20063 | E12: ='UPT-Weekday'!E12+'UPT-SatSun'!E12 -> 10011 | F12: ='UPT-Weekday'!F12+'UPT-SatSun'!F12 -> 26631 | G12: ='UPT-Weekday'!G12+'UPT-SatSun'!G12 -> 15341 | H12: ='UPT-Weekday'!H12+'UPT-SatSun'!H12 -> 4749 | I12: ='UPT-Weekday'!I12+'UPT-SatSun'!I12 -> 6684 | ... AL12: ='UPT-Weekday'!AL12+'UPT-SatSun'!AL12 -> 9 | AM12: =AVERAGE(B12:AL12) -> 13805.892
A13: 44501 | B13: ='UPT-Weekday'!B13+'UPT-SatSun'!B13 -> 16816 | C13: ='UPT-Weekday'!C13+'UPT-SatSun'!C13 -> 13695 | D13: ='UPT-Weekday'!D13+'UPT-SatSun'!D13 -> 18947 | E13: ='UPT-Weekday'!E13+'UPT-SatSun'!E13 -> 9818 | F13: ='UPT-Weekday'!F13+'UPT-SatSun'!F13 -> 24887 | G13: ='UPT-Weekday'!G13+'UPT-SatSun'!G13 -> 15461 | H13: ='UPT-Weekday'!H13+'UPT-SatSun'!H13 -> 5063 | I13: ='UPT-Weekday'!I13+'UPT-SatSun'!I13 -> 6412 | ... AL13: ='UPT-Weekday'!AL13+'UPT-SatSun'!AL13 -> 43 | AM13: =AVERAGE(B13:AL13) -> 13354.919
A14: 44531 | B14: ='UPT-Weekday'!B14+'UPT-SatSun'!B14 -> 15753 | C14: ='UPT-Weekday'!C14+'UPT-SatSun'!C14 -> 12841 | D14: ='UPT-Weekday'!D14+'UPT-SatSun'!D14 -> 16959 | E14: ='UPT-Weekday'!E14+'UPT-SatSun'!E14 -> 9071 | F14: ='UPT-Weekday'!F14+'UPT-SatSun'!F14 -> 22329 | G14: ='UPT-Weekday'!G14+'UPT-SatSun'!G14 -> 17066 | H14: ='UPT-Weekday'!H14+'UPT-SatSun'!H14 -> 5059 | I14: ='UPT-Weekday'!I14+'UPT-SatSun'!I14 -> 6438 | ... AL14: ='UPT-Weekday'!AL14+'UPT-SatSun'!AL14 -> 47 | AM14: =AVERAGE(B14:AL14) -> 12897.946
... A50: 45627 | B50: ='UPT-Weekday'!B50+'UPT-SatSun'!B50 -> 43680 | C50: ='UPT-Weekday'!C50+'UPT-SatSun'!C50 -> 20068 | D50: ='UPT-Weekday'!D50+'UPT-SatSun'!D50 -> 0 | E50: ='UPT-Weekday'!E50+'UPT-SatSun'!E50 -> 16394 | F50: ='UPT-Weekday'!F50+'UPT-SatSun'!F50 -> 32781 | G50: ='UPT-Weekday'!G50+'UPT-SatSun'!G50 -> 22126 | H50: ='UPT-Weekday'!H50+'UPT-SatSun'!H50 -> 6556 | I50: ='UPT-Weekday'!I50+'UPT-SatSun'!I50 -> 12773 | ... AL50: ='UPT-Weekday'!AL50+'UPT-SatSun'!AL50 -> 0 | AM50: =AVERAGE(B50:AL50) -> 18276.865

Sheet VRM-Weekday
A1: Route> | B1: 3 | C1: 4 | D1: 5 | E1: 6 | F1: 7 | G1: 8 | H1: 9 | I1: 14 | J1: 17 | K1: 18 | L1: 19 | M1: 21 | N1: 22 | O1: 23 | P1: 25 | Q1: 28 | R1: 29 | S1: 34 | T1: 41 | U1: 42 | V1: 50 | W1: 52 | X1: 55 | Y1: 56 | Z1: 64 | AA1: 70 | AB1: 71 | AC1: 72 | AD1: 75 | AE1: 76 | AF1: 77 | AG1: 79 | AH1: 84 | AI1: 86 | AJ1: 93 | AK1: 96 | AL1: 97
A2: Date
A3: 44197 | B3: 7515.07 | C3: 7777.65 | D3: 10752.67 | E3: 7905.14 | F3: 5796.52 | G3: 5979.3 | H3: 2462.02 | I3: 4937.34 | J3: 5407.78 | K3: 8186.91 | L3: 6674.89 | M3: 6319.4 | N3: 12985.36 | O3: 14809.74 | P3: 5447.3 | Q3: 3447.17 | R3: 4141.81 | S3: 7379.03 | T3: 0 | U3: 2404.26 | V3: 15534.21 | W3: 29449.62 | X3: 33400.29 | Y3: 34211.78 | Z3: 0 | AA3: 0 | AB3: 0 | AC3: 3375.16 | AE3: 5788.92 | AF3: 1506.51 | AH3: 0 | AI3: 0 | AJ3: 408.88 | AK3: 8932.85
A4: 44228 | B4: 7910.6 | C4: 8187 | D4: 11318.6 | E4: 8321.2 | F4: 6101.6 | G4: 6294 | H4: 2591.6 | I4: 5197.2 | J4: 5692.4 | K4: 8617.8 | L4: 7026.2 | M4: 6652 | N4: 13668.8 | O4: 15589.2 | P4: 5734 | Q4: 3628.6 | R4: 4359.8 | S4: 7767.4 | T4: 0 | U4: 2530.8 | V4: 16351.8 | W4: 30999.6 | X4: 35158.2 | Y4: 36012.4 | Z4: 0 | AA4: 0 | AB4: 0 | AC4: 3552.8 | AE4: 6093.6 | AF4: 1585.8 | AH4: 0 | AI4: 0 | AJ4: 430.4 | AK4: 9403
A5: 44256 | B5: 9097.19 | C5: 8982.69 | D5: 13016.39 | E5: 9569.38 | F5: 7016.84 | G5: 7246.92 | H5: 2980.34 | I5: 5976.78 | J5: 6546.26 | K5: 9910.47 | L5: 7836.95 | M5: 7649.8 | N5: 15804.8 | O5: 17927.58 | P5: 6594.1 | Q5: 4172.89 | R5: 5013.77 | S5: 8932.51 | T5: 0 | U5: 2910.42 | V5: 18906.27 | W5: 35649.54 | X5: 40670.07 | Y5: 41538.64 | Z5: 0 | AA5: 0 | AB5: 0 | AC5: 4085.72 | AE5: 7007.64 | AF5: 1823.67 | AH5: 0 | AI5: 0 | AJ5: 494.96 | AK5: 10813.45
A6: 44287 | B6: 10267.36 | C6: 11270.88 | D6: 16112.86 | E6: 11470.07 | F6: 10068.46 | G6: 6282.54 | H6: 2850.76 | I6: 6092.37 | J6: 6931.69 | K6: 9224.88 | L6: 8069.11 | M6: 5087.9 | N6: 15809.74 | O6: 24260.97 | P6: 4802.3 | Q6: 4151.51 | R6: 4894.78 | S6: 9037.64 | T6: 1583.85 | U6: 2902.08 | V6: 18416.73 | W6: 35052.96 | X6: 48859.95 | Y6: 45794.3 | Z6: 0 | AA6: 0 | AB6: 0 | AC6: 1243.48 | AE6: 6702.96 | AF6: 3792.33 | AH6: 8678.4 | AI6: 1437.75 | AJ6: 473.44 | AK6: 3291.05
A7: 44317 | B7: 9998.23 | C7: 11387.44 | D7: 16201.8 | E7: 11410.2 | F7: 10557.32 | G7: 5435.6 | H7: 2591.6 | I7: 5697.8 | J7: 6585.8 | K7: 8278.2 | L7: 7584.82 | M7: 3679.6 | N7: 14643.76 | O7: 25073 | P7: 3727.2 | Q7: 3842 | R7: 4491.8 | S7: 8425.4 | T7: 2111.8 | U7: 2688.4 | V7: 16848.45 | W7: 32270.8 | X7: 48600.63 | Y7: 44172.23 | Z7: 0 | AA7: 0 | AB7: 0 | AC7: 0 | AE7: 6093.6 | AF7: 4316.4 | AH7: 11571.2 | AI7: 1917 | AJ7: 430.4 | AK7: 0
A8: 44348 | B8: 10994.5 | C8: 12467.62 | D8: 17821.98 | E8: 12551.22 | F8: 11525.58 | G8: 5968.6 | H8: 2850.76 | I8: 6267.58 | J8: 7244.38 | K8: 9106.02 | L8: 8323.48 | M8: 4047.56 | N8: 16024.36 | O8: 27580.3 | P8: 4099.92 | Q8: 4226.2 | R8: 4940.98 | S8: 9267.94 | T8: 2322.98 | U8: 2957.24 | V8: 18377.92 | W8: 35497.88 | X8: 53292.36 | Y8: 48466 | Z8: 0 | AA8: 0 | AB8: 0 | AC8: 0 | AE8: 6702.96 | AF8: 4748.04 | AH8: 12728.32 | AI8: 2108.7 | AJ8: 473.44 | AK8: 0
A9: 44378 | B9: 10494.75 | C9: 11900.91 | D9: 17011.89 | E9: 11980.71 | F9: 11001.69 | G9: 5697.3 | H9: 2721.18 | I9: 5982.69 | J9: 6915.09 | K9: 8692.11 | L9: 7945.14 | M9: 3863.58 | N9: 15295.98 | O9: 26326.65 | P9: 3913.56 | Q9: 4034.1 | R9: 4716.39 | S9: 8846.67 | T9: 2217.39 | U9: 2822.82 | V9: 17542.56 | W9: 33884.34 | X9: 50869.98 | Y9: 46263 | Z9: 0 | AA9: 0 | AB9: 0 | AC9: 0 | AE9: 6398.28 | AF9: 4532.22 | AH9: 12149.76 | AI9: 2012.85 | AJ9: 451.92 | AK9: 0
A10: 44409 | B10: 10997.06 | C10: 12519.78 | D10: 17821.98 | E10: 12551.22 | F10: 11605.1 | G10: 5976.28 | H10: 2850.76 | I10: 6267.58 | J10: 7244.38 | K10: 9106.02 | L10: 8340.44 | M10: 4047.56 | N10: 16100.52 | O10: 27580.3 | P10: 4099.92 | Q10: 4226.2 | R10: 4940.98 | S10: 9267.94 | T10: 2322.98 | U10: 2957.24 | V10: 18515.84 | W10: 35497.88 | X10: 53441.16 | Y10: 48576.4 | Z10: 0 | AA10: 0 | AB10: 0 | AC10: 0 | AE10: 6702.96 | AF10: 4748.04 | AH10: 12728.32 | AI10: 2108.7 | AJ10: 473.44 | AK10: 0
A11: 44440 | B11: 10498.11 | C11: 11969.37 | D11: 17011.89 | E11: 11980.71 | F11: 11106.06 | G11: 5707.38 | H11: 2721.18 | I11: 5982.69 | J11: 6915.09 | K11: 8692.11 | L11: 7967.4 | M11: 3863.58 | N11: 15395.94 | O11: 26326.65 | P11: 3913.56 | Q11: 4034.1 | R11: 4716.39 | S11: 8846.67 | T11: 2217.39 | U11: 2822.82 | V11: 17723.58 | W11: 33884.34 | X11: 51065.28 | Y11: 46407.9 | Z11: 0 | AA11: 0 | AB11: 0 | AC11: 0 | AE11: 6398.28 | AF11: 4532.22 | AH11: 12149.76 | AI11: 2012.85 | AJ11: 451.92 | AK11: 0
A12: 44470 | B12: 11857.15 | C12: 12278.75 | D12: 20233.89 | E12: 13279.51 | F12: 12178.64 | G12: 6572.64 | H12: 4784.78 | I12: 5982.69 | J12: 6915.09 | K12: 8894.11 | L12: 7961.04 | M12: 3863.58 | N12: 15804.98 | O12: 28564.05 | P12: 3913.56 | Q12: 4034.1 | R12: 4716.39 | S12: 8846.67 | T12: 2217.39 | U12: 3184.42 | V12: 22909.74 | W12: 35891.54 | X12: 53350.08 | Y12: 46816.88 | Z12: 196.2 | AA12: 0 | AB12: 0 | AC12: 0 | AE12: 6443.08 | AF12: 4532.22 | AH12: 16488.96 | AI12: 3457.25 | AJ12: 632.72 | AK12: 0
A13: 44501 | B13: 11925.63 | C13: 12305.01 | D13: 20394.99 | E13: 13344.45 | F13: 12248.67 | G13: 6617.52 | H13: 4887.96 | I13: 5982.69 | J13: 6915.09 | K13: 8904.21 | L13: 7964.22 | M13: 3863.58 | N13: 15841.14 | O13: 28739.94 | P13: 3913.56 | Q13: 4034.1 | R13: 4716.39 | S13: 8846.67 | T13: 2217.39 | U13: 3202.5 | V13: 23197.23 | W13: 35991.9 | X13: 53518.11 | Y13: 46853.4 | Z13: 206.01 | AA13: 0 | AB13: 0 | AC13: 0 | AE13: 6445.32 | AF13: 4532.22 | AH13: 16705.92 | AI13: 3529.47 | AJ13: 641.76 | AK13: 0
A14: 44531 | B14: 11924.83 | C14: 12285.39 | D14: 20394.99 | E14: 13344.45 | F14: 12218.85 | G14: 6615.06 | H14: 4887.96 | I14: 5982.69 | J14: 6915.09 | K14: 8904.21 | L14: 7957.86 | M14: 3863.58 | N14: 15813.4 | O14: 28623.54 | P14: 3913.56 | Q14: 4034.1 | R14: 4716.39 | S14: 8846.67 | T14: 2217.39 | U14: 3202.5 | V14: 23151.37 | W14: 35991.9 | X14: 53426.3 | Y14: 46827.22 | Z14: 206.01 | AA14: 0 | AB14: 0 | AC14: 0 | AE14: 6445.32 | AF14: 4532.22 | AH14: 16705.92 | AI14: 3529.47 | AJ14: 641.76 | AK14: 0
... A17: 44621 | B17: 13061.13 | C17: 13469.12 | D17: 22337.37 | E17: 14615.35 | F17: 12967.71 | G17: 7009.38 | H17: 5353.48 | I17: 6552.47 | J17: 7336.31 | K17: 9752.23 | L17: 8720.9 | M17: 4231.54 | N17: 17337.73 | O17: 31433.63 | P17: 4286.28 | Q17: 4418.3 | R17: 5165.57 | S17: 9689.21 | T17: 2428.57 | U17: 3507.5 | V17: 25391.85 | W17: 39419.7 | X17: 58581.05 | Y17: 51307.29 | Z17: 225.63 | AA17: 0 | AB17: 0 | AC17: 0 | AE17: 7059.16 | AF17: 4963.86 | AH17: 18296.96 | AI17: 3865.61 | AJ17: 702.88 | AK17: 0
A18: 44652 | B18: 32847.95 | C18: 12176.41 | D18: 971.19 | E18: 17331.25 | F18: 12517.22 | G18: 6614.17 | H18: 4897.56 | I18: 7830.69 | J18: 10050.17 | K18: 8904.21 | L18: 11053.14 | M18: 183.98 | N18: 16143.61 | O18: 28809.54 | P18: 186.36 | Q18: 5183.5 | R18: 5773.39 | S18: 8846.67 | T18: 2217.39 | U18: 4106.3 | V18: 23561 | W18: 36527.9 | X18: 54098.94 | Y18: 47343.09 | Z18: 206.01 | AA18: 0 | AB18: 0 | AC18: 0 | AD18: 3727.2 | AE18: 6066.32 | AF18: 9770.82 | AG18: 9417.67 | AH18: 16716.72 | AI18: 3540.87 | AJ18: 641.76 | AK18: 0
A19: 44682 | B19: 33894.57 | C19: 12166.63 | D19: 0 | E19: 17530.59 | F19: 12544.69 | G19: 6626.27 | H19: 4898.04 | I19: 7923.09 | J19: 10217.76 | K19: 8904.21 | L19: 11206.42 | M19: 0 | N19: 16156.73 | O19: 28810.11 | P19: 0 | Q19: 5240.97 | R19: 5826.24 | S19: 8846.67 | T19: 2217.39 | U19: 4151.49 | V19: 23591.56 | W19: 36554.7 | X19: 54133.81 | Y19: 47374.09 | Z19: 206.01 | AA19: 0 | AB19: 0 | AC19: 0 | AD19: 3913.56 | AE19: 6047.37 | AF19: 10032.75 | AG19: 9886.72 | AH19: 16717.26 | AI19: 3541.44 | AJ19: 641.76 | AK19: 0
A20: 44713 | B20: 35504.7 | C20: 12686.08 | D20: 0 | E20: 18365.38 | F20: 13036.76 | G20: 6930 | H20: 5131.28 | I20: 8300.38 | J20: 10704.32 | K20: 9328.22 | L20: 11718.96 | M20: 0 | N20: 16826.92 | O20: 30182.02 | P20: 0 | Q20: 5490.54 | R20: 6103.68 | S20: 9267.94 | T20: 2322.98 | U20: 4349.18 | V20: 24524.06 | W20: 38295.4 | X20: 56358.72 | Y20: 49519.58 | Z20: 215.82 | AA20: 0 | AB20: 0 | AC20: 0 | AD20: 4099.92 | AE20: 6335.34 | AF20: 10510.5 | AG20: 10319.1 | AH20: 17513.32 | AI20: 3710.08 | AJ20: 672.32 | AK20: 0
A21: 44743 | B21: 26989.06 | C21: 11943.96 | D21: 0 | E21: 12067.91 | F21: 10750.79 | G21: 5500.67 | H21: 2719.14 | I21: 5971.9 | J21: 6699.16 | K21: 8717.6 | L21: 7930.43 | M21: 0 | N21: 15205.86 | O21: 27783.37 | P21: 0 | Q21: 4041.52 | R21: 4721.46 | S21: 8847.65 | T21: 2215.07 | U21: 2822.62 | V21: 17556 | W21: 33814.72 | X21: 50871.61 | Y21: 46036.19 | Z21: 196.2 | AA21: 0 | AB21: 0 | AC21: 0 | AD21: 3917.34 | AE21: 6398.64 | AF21: 8061.86 | AG21: 9381 | AH21: 12110.7 | AI21: 2012.83 | AJ21: 448.64 | AK21: 0
A22: 44774 | B22: 28279.99 | C22: 12564.82 | D22: 0 | E22: 12648.96 | F22: 11342.4 | G22: 5770.35 | H22: 2848.62 | I22: 6256.51 | J22: 7018.17 | K22: 9132.65 | L22: 8325.44 | M22: 0 | N22: 16005.63 | O22: 29147.06 | P22: 0 | Q22: 4233.97 | R22: 4946.29 | S22: 9268.97 | T22: 2320.55 | U22: 2957.03 | V22: 18526.48 | W22: 35424.94 | X22: 53457.62 | Y22: 48336.47 | Z22: 225.6 | AA22: 0 | AB22: 0 | AC22: 0 | AD22: 4103.88 | AE22: 6703.34 | AF22: 8519.78 | AG22: 10823 | AH22: 12687.37 | AI22: 2108.68 | AJ22: 470.06 | AK22: 0
A23: 44805 | B23: 26995.34 | C23: 12009.08 | D23: 0 | E23: 12074.01 | F23: 10850.37 | G23: 5510.35 | H23: 2719.14 | I23: 5972.9 | J23: 6699.16 | K23: 8717.27 | L23: 7952.14 | M23: 0 | N23: 15299.38 | O23: 27934.95 | P23: 0 | Q23: 4041.52 | R23: 4721.46 | S23: 8847.65 | T23: 2215.07 | U23: 2822.62 | V23: 17724.1 | W23: 33814.72 | X23: 51076.05 | Y23: 46171.99 | Z23: 206 | AA23: 0 | AB23: 0 | AC23: 0 | AD23: 3917.34 | AE23: 6398.64 | AF23: 8372.78 | AG23: 988.7 | AH23: 12110.57 | AI23: 2012.83 | AJ23: 448.69 | AK23: 0
A24: 44835 | B24: 32041.8 | C24: 12315.83 | D24: 0 | E24: 13293.38 | F24: 11799.43 | G24: 6345.64 | H24: 4781.18 | I24: 5973.11 | J24: 6699.16 | K24: 8919.17 | L24: 7945.63 | M24: 0 | N24: 15703.74 | O24: 27953.07 | P24: 0 | Q24: 4041.52 | R24: 4721.46 | S24: 8847.65 | T24: 2215.07 | U24: 3184.14 | V24: 22900.64 | W24: 35819.84 | X24: 53337.02 | Y24: 46580.66 | Z24: 196.18 | AA24: 0 | AB24: 0 | AC24: 0 | AD24: 3917.29 | AE24: 6443.08 | AF24: 8372.78 | AG24: 8862.6 | AH24: 16437.95 | AI24: 3455.04 | AJ24: 627.99 | AK24: 0
A25: 44866 | B25: 32294.85 | C25: 12345.17 | D25: 0 | E25: 13354.43 | F25: 11863.53 | G25: 6389.49 | H25: 4884.28 | I25: 5973.12 | J25: 6699.16 | K25: 8929.37 | L25: 7949.93 | M25: 0 | N25: 15739.98 | O25: 28067.91 | P25: 0 | Q25: 4041.52 | R25: 4721.46 | S25: 8847.65 | T25: 2215.07 | U25: 3202.22 | V25: 23195.93 | W25: 35920.47 | X25: 53520.89 | Y25: 46621.92 | Z25: 205.99 | AA25: 0 | AB25: 0 | AC25: 0 | AD25: 3917.29 | AE25: 6445.31 | AF25: 8372.78 | AG25: 8868.4 | AH25: 16653.45 | AI25: 3528.02 | AJ25: 636.96 | AK25: 0
A26: 44896 | B26: 32294.34 | C26: 12323.46 | D26: 0 | E26: 13354.57 | F26: 11820.98 | G26: 6388.04 | H26: 4884.28 | I26: 5973.12 | J26: 6699.16 | K26: 8929.53 | L26: 7943.34 | M26: 0 | N26: 15702.82 | O26: 28172.62 | P26: 0 | Q26: 4041.52 | R26: 4721.46 | S26: 8847.65 | T26: 2215.07 | U26: 3202.22 | V26: 23160.39 | W26: 35921.06 | X26: 53435.64 | Y26: 46601.86 | Z26: 205.99 | AA26: 0 | AB26: 0 | AC26: 0 | AD26: 3917.29 | AE26: 6445.31 | AF26: 8372.78 | AG26: 8850.1 | AH26: 16652.04 | AI26: 3529.43 | AJ26: 636.96 | AK26: 0
A27: 44927 | B27: 32295.42 | C27: 11372.22 | D27: 0 | E27: 16709.91 | F27: 11952.31 | G27: 6296.89 | H27: 5022.33 | I27: 7542.89 | J27: 9726.13 | K27: 8483.29 | L27: 10651.45 | M27: 0 | N27: 15313.02 | O27: 27029.76 | P27: 0 | Q27: 4987.75 | R27: 5681.91 | S27: 8426.33 | T27: 2128.21 | U27: 3946.27 | V27: 22451.68 | W27: 34822.24 | X27: 51984.98 | Y27: 44884.37 | Z27: 196.15 | AA27: 0 | AB27: 0 | AC27: 0 | AD27: 3730.9 | AE27: 5757.1 | AF27: 8927.86 | AG27: 8440.81 | AH27: 15870.83 | AI27: 3373.05 | AJ27: 606.62 | AK27: 0
A28: 44958 | B28: 32313.73 | C28: 11381.99 | D28: 0 | E28: 16709.91 | F28: 11968.21 | G28: 6298.34 | H28: 4963.83 | I28: 7543.89 | J28: 9730.16 | K28: 8483.29 | L28: 10654.71 | M28: 0 | N28: 15297.18 | O28: 27029.76 | P28: 0 | Q28: 4866.94 | R28: 5681.91 | S28: 8426.33 | T28: 2109.54 | U28: 3955.69 | V28: 22481.37 | W28: 34822.33 | X28: 52034.14 | Y28: 44899.74 | Z28: 196.14 | AA28: 0 | AB28: 0 | AC28: 0 | AD28: 3730.9 | AE28: 5756.87 | AF28: 8927.86 | AG28: 8446.63 | AH28: 15870.83 | AI28: 3373.05 | AJ28: 697.62 | AK28: 0
A29: 44986 | B29: 37160.13 | C29: 13074.57 | D29: 0 | E29: 19216.4 | F29: 13737.73 | G29: 7241.22 | H29: 5708.41 | I29: 8675.47 | J29: 11189.68 | K29: 9755.79 | L29: 12248.74 | M29: 0 | N29: 17569.25 | O29: 31084.23 | P29: 0 | Q29: 5596.98 | R29: 6534.2 | S29: 9690.28 | T29: 2425.97 | U29: 4549.04 | V29: 25813.99 | W29: 40045.67 | X29: 59770 | Y29: 51614.88 | Z29: 225.57 | AA29: 0 | AB29: 0 | AC29: 0 | AD29: 4290.54 | AE29: 6620.4 | AF29: 10267.04 | AG29: 9697.53 | AH29: 18251.46 | AI29: 3879.01 | AJ29: 636.96 | AK29: 0
... A50: 45627 | B50: 33593.43 | C50: 12003.5 | D50: 0 | E50: 18606 | F50: 14111.24 | G50: 7339.93 | H50: 5087.3 | I50: 7544.41 | J50: 9729.73 | K50: 8538.7 | L50: 11201.48 | M50: 0 | N50: 15797.44 | O50: 27831.42 | P50: 0 | Q50: 5108.64 | R50: 5572.3 | S50: 8120.33 | T50: 2147.11 | U50: 4411.96 | V50: 23140.65 | W50: 35891.53 | X50: 53053.77 | Y50: 45836.85 | Z50: 196.16 | AA50: 4248.5 | AB50: 10087 | AC50: 0 | AD50: 4878.87 | AE50: 5895.43 | AF50: 11168.45 | AG50: 8428.31 | AH50: 16482.19 | AI50: 3373.05 | AJ50: 607.97 | AK50: 0

Sheet VRM-SatSun
B1: SAT/SUN COMBINED
A3: Route> | B3: 3 | C3: 4 | D3: 5 | E3: 6 | F3: 7 | G3: 8 | H3: 9 | I3: 14 | J3: 17 | K3: 18 | L3: 19 | M3: 21 | N3: 22 | O3: 23 | P3: 25 | Q3: 28 | R3: 29 | S3: 34 | T3: 41 | U3: 42 | V3: 50 | W3: 52 | X3: 55 | Y3: 56 | Z3: 64 | AA3: 70 | AB3: 71 | AC3: 72 | AD3: 75 | AE3: 76 | AF3: 77 | AG3: 79 | AH3: 84 | AI3: 86 | AJ3: 93 | AK3: 96 | AL3: 97 | AM3: AVERAGE
A4: Date
A5: 44197 | B5: 4293.96 | C5: 4813.5 | D5: 6713.76 | E5: 2111.58 | F5: 3219.42 | G5: 2148.66 | H5: 0 | I5: 2786.04 | J5: 2779.86 | K5: 3837 | L5: 3891.48 | M5: 1995.6 | N5: 5287.2 | O5: 5102.94 | P5: 3354.42 | Q5: 2113.08 | R5: 2536.62 | S5: 4160.4 | T5: 0 | U5: 1459.14 | V5: 6611.82 | W5: 11173.56 | X5: 14565.3 | Y5: 13217.94 | Z5: 0 | AA5: 0 | AB5: 0 | AC5: 1065.84 | AD5: 0 | AE5: 1411.44 | AF5: 475.74 | AG5: 0 | AH5: 0 | AI5: 0 | AJ5: 0 | AK5: 0 | AL5: 0
A6: 44228 | B6: 2862.64 | C6: 3209 | D6: 4475.84 | E6: 1407.72 | F6: 2146.28 | G6: 1432.44 | H6: 0 | I6: 1857.36 | J6: 1853.24 | K6: 2558 | L6: 2594.32 | M6: 1330.4 | N6: 3524.8 | O6: 3401.96 | P6: 2236.28 | Q6: 1408.72 | R6: 1691.08 | S6: 2773.6 | T6: 0 | U6: 972.76 | V6: 4407.88 | W6: 7449.04 | X6: 9710.2 | Y6: 8811.96 | Z6: 0 | AA6: 0 | AB6: 0 | AC6: 710.56 | AD6: 0 | AE6: 940.96 | AF6: 317.16 | AG6: 0 | AH6: 0 | AI6: 0 | AJ6: 0 | AK6: 0 | AL6: 0
A7: 44256 | B7: 2862.64 | C7: 3209 | D7: 4475.84 | E7: 1407.72 | F7: 2146.28 | G7: 1432.44 | H7: 0 | I7: 1857.36 | J7: 1853.24 | K7: 2558 | L7: 2594.32 | M7: 1330.4 | N7: 3524.8 | O7: 3401.96 | P7: 2236.28 | Q7: 1408.72 | R7: 1691.08 | S7: 2773.6 | T7: 0 | U7: 972.76 | V7: 4407.88 | W7: 7449.04 | X7: 9710.2 | Y7: 8811.96 | Z7: 0 | AA7: 0 | AB7: 0 | AC7: 710.56 | AD7: 0 | AE7: 940.96 | AF7: 317.16 | AG7: 0 | AH7: 0 | AI7: 0 | AJ7: 0 | AK7: 0 | AL7: 0
A8: 44287 | B8: 2862.64 | C8: 3209 | D8: 4475.84 | E8: 2463.51 | F8: 2146.28 | G8: 1432.44 | H8: 0 | I8: 1857.36 | J8: 1853.24 | K8: 2558 | L8: 2594.32 | M8: 948.24 | N8: 3524.8 | O8: 4762.4 | P8: 1218.49 | Q8: 1408.72 | R8: 1691.08 | S8: 3113.78 | T8: 0 | U8: 972.76 | V8: 4407.88 | W8: 7446.1 | X8: 9697.33 | Y8: 8811.96 | Z8: 0 | AA8: 0 | AB8: 0 | AC8: 355.28 | AD8: 0 | AE8: 940.96 | AF8: 466.9 | AG8: 0 | AH8: 0 | AI8: 0 | AJ8: 0 | AK8: 0 | AL8: 0
A9: 44317 | B9: 3921.16 | C9: 4404.15 | D9: 6147.83 | E9: 3871.23 | F9: 2945.53 | G9: 1964.18 | H9: 0 | I9: 2526.18 | J9: 2495.24 | K9: 3517.25 | L9: 3553.68 | M9: 707.6 | N9: 4805.1 | O9: 7665.05 | P9: 931.8 | Q9: 1931.65 | R9: 2318.63 | S9: 4485.29 | T9: 0 | U9: 1332.6 | V9: 5883.1 | W9: 10215.83 | X9: 13296.76 | Y9: 12092.5 | Z9: 0 | AA9: 0 | AB9: 0 | AC9: 0 | AD9: 0 | AE9: 1293.82 | AF9: 770.8 | AG9: 0 | AH9: 0 | AI9: 0 | AJ9: 0 | AK9: 0 | AL9: 0
A10: 44348 | B10: 2862.64 | C10: 3209 | D10: 4475.84 | E10: 2815.44 | F10: 2146.28 | G10: 1432.44 | H10: 0 | I10: 1857.36 | J10: 1853.24 | K10: 2558 | L10: 2594.32 | M10: 566.08 | N10: 3524.8 | O10: 5583.6 | P10: 745.44 | Q10: 1408.72 | R10: 1691.08 | S10: 3271.04 | T10: 0 | U10: 972.76 | V10: 4407.88 | W10: 7444.32 | X10: 9689.52 | Y10: 8811.96 | Z10: 0 | AA10: 0 | AB10: 0 | AC10: 0 | AD10: 0 | AE10: 940.96 | AF10: 616.64 | AG10: 0 | AH10: 0 | AI10: 0 | AJ10: 0 | AK10: 0 | AL10: 0
A11: 44378 | B11: 3578.3 | C11: 4011.25 | D11: 5594.8 | E11: 3519.3 | F11: 2682.85 | G11: 1790.55 | H11: 0 | I11: 2321.7 | J11: 2316.55 | K11: 3197.5 | L11: 3242.9 | M11: 707.6 | N11: 4406 | O11: 6979.5 | P11: 931.8 | Q11: 1760.9 | R11: 2113.85 | S11: 4088.8 | T11: 0 | U11: 1215.95 | V11: 5509.85 | W11: 9305.4 | X11: 12111.9 | Y11: 11014.95 | Z11: 0 | AA11: 0 | AB11: 0 | AC11: 0 | AD11: 0 | AE11: 1176.2 | AF11: 770.8 | AG11: 0 | AH11: 0 | AI11: 0 | AJ11: 0 | AK11: 0 | AL11: 0
A12: 44409 | B12: 3205.5 | C12: 3601.9 | D12: 5028.87 | E12: 3167.37 | F12: 2408.96 | G12: 1606.07 | H12: 0 | I12: 2061.84 | J12: 2031.93 | K12: 2877.75 | L12: 2905.1 | M12: 566.08 | N12: 3923.9 | O12: 6269.15 | P12: 745.44 | Q12: 1579.47 | R12: 1895.86 | S12: 3667.53 | T12: 0 | U12: 1089.41 | V12: 4781.13 | W12: 8354.75 | X12: 10874.38 | Y12: 9889.51 | Z12: 0 | AA12: 0 | AB12: 0 | AC12: 0 | AD12: 0 | AE12: 1058.58 | AF12: 616.64 | AG12: 0 | AH12: 0 | AI12: 0 | AJ12: 0 | AK12: 0 | AL12: 0
A13: 44440 | B13: 3205.5 | C13: 3601.9 | D13: 5028.87 | E13: 3167.37 | F13: 2408.96 | G13: 1606.07 | H13: 0 | I13: 2061.84 | J13: 2031.93 | K13: 2877.75 | L13: 2905.1 | M13: 566.08 | N13: 3923.9 | O13: 6269.15 | P13: 745.44 | Q13: 1579.47 | R13: 1895.86 | S13: 3667.53 | T13: 0 | U13: 1089.41 | V13: 4781.13 | W13: 8354.75 | X13: 10874.38 | Y13: 9889.51 | Z13: 0 | AA13: 0 | AB13: 0 | AC13: 0 | AD13: 0 | AE13: 1058.58 | AF13: 616.64 | AG13: 0 | AH13: 0 | AI13: 0 | AJ13: 0 | AK13: 0 | AL13: 0
A14: 44470 | B14: 3764.54 | C14: 4342.86 | D14: 6309.82 | E14: 3609.66 | F14: 2864.82 | G14: 2009.57 | H14: 0 | I14: 2861.15 | J14: 2517.52 | K14: 3431.87 | L14: 3522.47 | M14: 707.6 | N14: 4681.24 | O14: 8003.47 | P14: 931.8 | Q14: 1943.05 | R14: 2232.74 | S14: 4187.96 | T14: 0 | U14: 1373.28 | V14: 5797.2 | W14: 10245.92 | X14: 13092.48 | Y14: 11541.76 | Z14: 0 | AA14: 0 | AB14: 0 | AC14: 0 | AD14: 0 | AE14: 1377.8 | AF14: 770.8 | AG14: 0 | AH14: 0 | AI14: 0 | AJ14: 0 | AK14: 0 | AL14: 0
A15: 44501 | B15: 3391.74 | C15: 3933.51 | D15: 5743.89 | E15: 3257.73 | F15: 2590.93 | G15: 1825.09 | H15: 0 | I15: 2601.29 | J15: 2232.9 | K15: 3112.12 | L15: 3184.67 | M15: 566.08 | N15: 4199.14 | O15: 7293.12 | P15: 745.44 | Q15: 1761.62 | R15: 2014.75 | S15: 3766.69 | T15: 0 | U15: 1246.74 | V15: 5068.48 | W15: 9295.27 | X15: 11854.96 | Y15: 10416.32 | Z15: 0 | AA15: 0 | AB15: 0 | AC15: 0 | AD15: 0 | AE15: 1260.18 | AF15: 616.64 | AG15: 0 | AH15: 0 | AI15: 0 | AJ15: 0 | AK15: 0 | AL15: 0
A16: 44531 | B16: 3755.64 | C16: 4359.3 | D16: 6382.1 | E16: 3619.7 | F16: 2871.06 | G16: 2020.42 | H16: 0 | I16: 2886.18 | J16: 2433.92 | K16: 3449.36 | L16: 3535.98 | M16: 566.08 | N16: 4621 | O16: 8076.84 | P16: 745.44 | Q16: 1953.72 | R16: 2232.74 | S16: 4163.18 | T16: 0 | U16: 1381.32 | V16: 5469.08 | W16: 10305.38 | X16: 13135.84 | Y16: 11541.76 | Z16: 0 | AA16: 0 | AB16: 0 | AC16: 0 | AD16: 0 | AE16: 1377.8 | AF16: 616.64 | AG16: 0 | AH16: 0 | AI16: 0 | AJ16: 0 | AK16: 0 | AL16: 0
... A52: 45627 | B52: 12013.89 | C52: 4956.93 | D52: 0 | E52: 6227.32 | F52: 4447.18 | G52: 3304.83 | H52: 0 | I52: 3246.81 | J52: 3162.17 | K52: 4948.35 | L52: 4152.47 | M52: 0 | N52: 5583.16 | O52: 9483.33 | P52: 0 | Q52: 2178.87 | R52: 2474.25 | S52: 4476.49 | T52: 0 | U52: 1853.6 | V52: 8700.05 | W52: 12135.6 | X52: 17181.34 | Y52: 13479.13 | Z52: 0 | AA52: 0 | AB52: 0 | AC52: 0 | AD52: 2683.38 | AE52: 2264.83 | AF52: 7014.75 | AG52: 1034.5 | AH52: 0 | AI52: 0 | AJ52: 0 | AK52: 0 | AL52: 0
A57: SATURDAY
A58: 44197 | B58: 2236.8 | C58: 2456.1 | D58: 3395.58 | E58: 2111.58 | F58: 1643.34 | G58: 1106.88 | H58: 0 | I58: 1559.16 | J58: 1707.72 | K58: 1918.5 | L58: 2026.8 | M58: 1995.6 | N58: 2892.6 | O58: 2607.36 | P58: 1720.2 | Q58: 1088.58 | R58: 1307.94 | S58: 2330.22 | T58: 0 | U58: 759.24 | V58: 4372.32 | W58: 5707.5 | X58: 7440.96 | Y58: 6752.64 | Z58: 0 | AA58: 0 | AB58: 0 | AC58: 1065.84 | AD58: 0 | AE58: 705.72 | AF58: 475.74 | AG58: 0 | AH58: 0 | AI58: 0 | AJ58: 0 | AK58: 0 | AL58: 0
A59: 44228 | B59: 1491.2 | C59: 1637.4 | D59: 2263.72 | E59: 1407.72 | F59: 1095.56 | G59: 737.92 | H59: 0 | I59: 1039.44 | J59: 1138.48 | K59: 1279 | L59: 1351.2 | M59: 1330.4 | N59: 1928.4 | O59: 1738.24 | P59: 1146.8 | Q59: 725.72 | R59: 871.96 | S59: 1553.48 | T59: 0 | U59: 506.16 | V59: 2914.88 | W59: 3805 | X59: 4960.64 | Y59: 4501.76 | Z59: 0 | AA59: 0 | AB59: 0 | AC59: 710.56 | AD59: 0 | AE59: 470.48 | AF59: 317.16 | AG59: 0 | AH59: 0 | AI59: 0 | AJ59: 0 | AK59: 0 | AL59: 0
A60: 44256 | B60: 1491.2 | C60: 1637.4 | D60: 2263.72 | E60: 1407.72 | F60: 1095.56 | G60: 737.92 | H60: 0 | I60: 1039.44 | J60: 1138.48 | K60: 1279 | L60: 1351.2 | M60: 1330.4 | N60: 1928.4 | O60: 1738.24 | P60: 1146.8 | Q60: 725.72 | R60: 871.96 | S60: 1553.48 | T60: 0 | U60: 506.16 | V60: 2914.88 | W60: 3805 | X60: 4960.64 | Y60: 4501.76 | Z60: 0 | AA60: 0 | AB60: 0 | AC60: 710.56 | AD60: 0 | AE60: 470.48 | AF60: 317.16 | AG60: 0 | AH60: 0 | AI60: 0 | AJ60: 0 | AK60: 0 | AL60: 0
A61: 44287 | B61: 1491.2 | C61: 1637.4 | D61: 2263.72 | E61: 1407.72 | F61: 1095.56 | G61: 737.92 | H61: 0 | I61: 1039.44 | J61: 1138.48 | K61: 1279 | L61: 1351.2 | M61: 948.24 | N61: 1928.4 | O61: 2289.82 | P61: 946.12 | Q61: 725.72 | R61: 871.96 | S61: 1619.28 | T61: 0 | U61: 506.16 | V61: 2914.88 | W61: 3803.8 | X61: 4955.36 | Y61: 4501.76 | Z61: 0 | AA61: 0 | AB61: 0 | AC61: 355.28 | AD61: 0 | AE61: 470.48 | AF61: 466.9 | AG61: 0 | AH61: 0 | AI61: 0 | AJ61: 0 | AK61: 0 | AL61: 0
A62: 44317 | B62: 1864 | C62: 2046.75 | D62: 2829.65 | E62: 1759.65 | F62: 1369.45 | G62: 922.4 | H62: 0 | I62: 1299.3 | J62: 1423.1 | K62: 1598.75 | L62: 1689 | M62: 707.6 | N62: 2410.5 | O62: 3551.75 | P62: 931.8 | Q62: 907.15 | R62: 1089.95 | S62: 2106.35 | T62: 0 | U62: 632.7 | V62: 3643.6 | W62: 4753.25 | X62: 6187.6 | Y62: 5627.2 | Z62: 0 | AA62: 0 | AB62: 0 | AC62: 0 | AD62: 0 | AE62: 588.1 | AF62: 770.8 | AG62: 0 | AH62: 0 | AI62: 0 | AJ62: 0 | AK62: 0 | AL62: 0
A63: 44348 | B63: 1491.2 | C63: 1637.4 | D63: 2263.72 | E63: 1407.72 | F63: 1095.56 | G63: 737.92 | H63: 0 | I63: 1039.44 | J63: 1138.48 | K63: 1279 | L63: 1351.2 | M63: 566.08 | N63: 1928.4 | O63: 2841.4 | P63: 745.44 | Q63: 725.72 | R63: 871.96 | S63: 1685.08 | T63: 0 | U63: 506.16 | V63: 2914.88 | W63: 3802.6 | X63: 4950.08 | Y63: 4501.76 | Z63: 0 | AA63: 0 | AB63: 0 | AC63: 0 | AD63: 0 | AE63: 470.48 | AF63: 616.64 | AG63: 0 | AH63: 0 | AI63: 0 | AJ63: 0 | AK63: 0 | AL63: 0
A64: 44378 | B64: 1864 | C64: 2046.75 | D64: 2829.65 | E64: 1759.65 | F64: 1369.45 | G64: 922.4 | H64: 0 | I64: 1299.3 | J64: 1423.1 | K64: 1598.75 | L64: 1689 | M64: 707.6 | N64: 2410.5 | O64: 3551.75 | P64: 931.8 | Q64: 907.15 | R64: 1089.95 | S64: 2106.35 | T64: 0 | U64: 632.7 | V64: 3643.6 | W64: 4753.25 | X64: 6187.6 | Y64: 5627.2 | Z64: 0 | AA64: 0 | AB64: 0 | AC64: 0 | AD64: 0 | AE64: 588.1 | AF64: 770.8 | AG64: 0 | AH64: 0 | AI64: 0 | AJ64: 0 | AK64: 0 | AL64: 0
A65: 44409 | B65: 1491.2 | C65: 1637.4 | D65: 2263.72 | E65: 1407.72 | F65: 1095.56 | G65: 737.92 | H65: 0 | I65: 1039.44 | J65: 1138.48 | K65: 1279 | L65: 1351.2 | M65: 566.08 | N65: 1928.4 | O65: 2841.4 | P65: 745.44 | Q65: 725.72 | R65: 871.96 | S65: 1685.08 | T65: 0 | U65: 506.16 | V65: 2914.88 | W65: 3802.6 | X65: 4950.08 | Y65: 4501.76 | Z65: 0 | AA65: 0 | AB65: 0 | AC65: 0 | AD65: 0 | AE65: 470.48 | AF65: 616.64 | AG65: 0 | AH65: 0 | AI65: 0 | AJ65: 0 | AK65: 0 | AL65: 0
A66: 44440 | B66: 1491.2 | C66: 1637.4 | D66: 2263.72 | E66: 1407.72 | F66: 1095.56 | G66: 737.92 | H66: 0 | I66: 1039.44 | J66: 1138.48 | K66: 1279 | L66: 1351.2 | M66: 566.08 | N66: 1928.4 | O66: 2841.4 | P66: 745.44 | Q66: 725.72 | R66: 871.96 | S66: 1685.08 | T66: 0 | U66: 506.16 | V66: 2914.88 | W66: 3802.6 | X66: 4950.08 | Y66: 4501.76 | Z66: 0 | AA66: 0 | AB66: 0 | AC66: 0 | AD66: 0 | AE66: 470.48 | AF66: 616.64 | AG66: 0 | AH66: 0 | AI66: 0 | AJ66: 0 | AK66: 0 | AL66: 0
A67: 44470 | B67: 1945.04 | C67: 2213.91 | D67: 3118.77 | E67: 1799.81 | F67: 1464.17 | G67: 1032.92 | H67: 0 | I67: 1436.7 | J67: 1512.42 | K67: 1745.67 | L67: 1765.92 | M67: 707.6 | N67: 2571.94 | O67: 4084.87 | P67: 931.8 | Q67: 982.55 | R67: 1142.79 | S67: 2205.51 | T67: 0 | U67: 700.38 | V67: 3794.2 | W67: 5195.37 | X67: 6688.08 | Y67: 5914.56 | Z67: 0 | AA67: 0 | AB67: 0 | AC67: 0 | AD67: 0 | AE67: 789.7 | AF67: 770.8 | AG67: 0 | AH67: 0 | AI67: 0 | AJ67: 0 | AK67: 0 | AL67: 0
A68: 44501 | B68: 1572.24 | C68: 1804.56 | D68: 2552.84 | E68: 1447.88 | F68: 1190.28 | G68: 848.44 | H68: 0 | I68: 1176.84 | J68: 1227.8 | K68: 1425.92 | L68: 1428.12 | M68: 566.08 | N68: 2089.84 | O68: 3374.52 | P68: 745.44 | Q68: 801.12 | R68: 924.8 | S68: 1784.24 | T68: 0 | U68: 573.84 | V68: 3065.48 | W68: 4244.72 | X68: 5450.56 | Y68: 4789.12 | Z68: 0 | AA68: 0 | AB68: 0 | AC68: 0 | AD68: 0 | AE68: 672.08 | AF68: 616.64 | AG68: 0 | AH68: 0 | AI68: 0 | AJ68: 0 | AK68: 0 | AL68: 0
A69: 44531 | B69: 1572.24 | C69: 1804.56 | D69: 2552.84 | E69: 1447.88 | F69: 1190.28 | G69: 848.44 | H69: 0 | I69: 1176.84 | J69: 1227.8 | K69: 1425.92 | L69: 1428.12 | M69: 566.08 | N69: 2089.84 | O69: 3374.52 | P69: 745.44 | Q69: 801.12 | R69: 924.8 | S69: 1784.24 | T69: 0 | U69: 573.84 | V69: 3065.48 | W69: 4244.72 | X69: 5450.56 | Y69: 4789.12 | Z69: 0 | AA69: 0 | AB69: 0 | AC69: 0 | AD69: 0 | AE69: 672.08 | AF69: 616.64 | AG69: 0 | AH69: 0 | AI69: 0 | AJ69: 0 | AK69: 0 | AL69: 0
... A105: 45627 | B105: 5773.11 | C105: 2354.05 | D105: 0 | E105: 2830.6 | F105: 2147.99 | G105: 1780.56 | H105: 0 | I105: 1492.39 | J105: 1760.34 | K105: 2262.4 | L105: 1915.08 | M105: 0 | N105: 2868.05 | O105: 4561.82 | P105: 0 | Q105: 1005.25 | R105: 1158.24 | S105: 2149.5 | T105: 0 | U105: 852.88 | V105: 4180 | W105: 5810.63 | X105: 9129.83 | Y105: 6434.39 | Z105: 0 | AA105: 0 | AB105: 0 | AC105: 0 | AD105: 1219.72 | AE105: 1033.18 | AF105: 3188.52 | AG105: 1034.5 | AH105: 0 | AI105: 0 | AJ105: 0 | AK105: 0 | AL105: 0
A111: SUNDAY
A112: 44197 | B112: 2057.16 | C112: 2357.4 | D112: 3318.18 | E112: 0 | F112: 1576.08 | G112: 1041.78 | H112: 0 | I112: 1226.88 | J112: 1072.14 | K112: 1918.5 | L112: 1864.68 | M112: 0 | N112: 2394.6 | O112: 2495.58 | P112: 1634.22 | Q112: 1024.5 | R112: 1228.68 | S112: 1830.18 | T112: 0 | U112: 699.9 | V112: 2239.5 | W112: 5466.06 | X112: 7124.34 | Y112: 6465.3 | Z112: 0 | AA112: 0 | AB112: 0 | AC112: 0 | AD112: 0 | AE112: 705.72 | AF112: 0 | AG112: 0 | AH112: 0 | AI112: 0 | AJ112: 0 | AK112: 0 | AL112: 0
A113: 44228 | B113: 1371.44 | C113: 1571.6 | D113: 2212.12 | E113: 0 | F113: 1050.72 | G113: 694.52 | H113: 0 | I113: 817.92 | J113: 714.76 | K113: 1279 | L113: 1243.12 | M113: 0 | N113: 1596.4 | O113: 1663.72 | P113: 1089.48 | Q113: 683 | R113: 819.12 | S113: 1220.12 | T113: 0 | U113: 466.6 | V113: 1493 | W113: 3644.04 | X113: 4749.56 | Y113: 4310.2 | Z113: 0 | AA113: 0 | AB113: 0 | AC113: 0 | AD113: 0 | AE113: 470.48 | AF113: 0 | AG113: 0 | AH113: 0 | AI113: 0 | AJ113: 0 | AK113: 0 | AL113: 0
A114: 44256 | B114: 1371.44 | C114: 1571.6 | D114: 2212.12 | E114: 0 | F114: 1050.72 | G114: 694.52 | H114: 0 | I114: 817.92 | J114: 714.76 | K114: 1279 | L114: 1243.12 | M114: 0 | N114: 1596.4 | O114: 1663.72 | P114: 1089.48 | Q114: 683 | R114: 819.12 | S114: 1220.12 | T114: 0 | U114: 466.6 | V114: 1493 | W114: 3644.04 | X114: 4749.56 | Y114: 4310.2 | Z114: 0 | AA114: 0 | AB114: 0 | AC114: 0 | AD114: 0 | AE114: 470.48 | AF114: 0 | AG114: 0 | AH114: 0 | AI114: 0 | AJ114: 0 | AK114: 0 | AL114: 0
A115: 44287 | B115: 1371.44 | C115: 1571.6 | D115: 2212.12 | E115: 1055.79 | F115: 1050.72 | G115: 694.52 | H115: 0 | I115: 817.92 | J115: 714.76 | K115: 1279 | L115: 1243.12 | M115: 0 | N115: 1596.4 | O115: 2472.58 | P115: 272.37 | Q115: 683 | R115: 819.12 | S115: 1494.5 | T115: 0 | U115: 466.6 | V115: 1493 | W115: 3642.3 | X115: 4741.97 | Y115: 4310.2 | Z115: 0 | AA115: 0 | AB115: 0 | AC115: 0 | AD115: 0 | AE115: 470.48 | AF115: 0 | AG115: 0 | AH115: 0 | AI115: 0 | AJ115: 0 | AK115: 0 | AL115: 0
A116: 44317 | B116: 2057.16 | C116: 2357.4 | D116: 3318.18 | E116: 2111.58 | F116: 1576.08 | G116: 1041.78 | H116: 0 | I116: 1226.88 | J116: 1072.14 | K116: 1918.5 | L116: 1864.68 | M116: 0 | N116: 2394.6 | O116: 4113.3 | P116: 0 | Q116: 1024.5 | R116: 1228.68 | S116: 2378.94 | T116: 0 | U116: 699.9 | V116: 2239.5 | W116: 5462.58 | X116: 7109.16 | Y116: 6465.3 | Z116: 0 | AA116: 0 | AB116: 0 | AC116: 0 | AD116: 0 | AE116: 705.72 | AF116: 0 | AG116: 0 | AH116: 0 | AI116: 0 | AJ116: 0 | AK116: 0 | AL116: 0
A117: 44348 | B117: 1371.44 | C117: 1571.6 | D117: 2212.12 | E117: 1407.72 | F117: 1050.72 | G117: 694.52 | H117: 0 | I117: 817.92 | J117: 714.76 | K117: 1279 | L117: 1243.12 | M117: 0 | N117: 1596.4 | O117: 2742.2 | P117: 0 | Q117: 683 | R117: 819.12 | S117: 1585.96 | T117: 0 | U117: 466.6 | V117: 1493 | W117: 3641.72 | X117: 4739.44 | Y117: 4310.2 | Z117: 0 | AA117: 0 | AB117: 0 | AC117: 0 | AD117: 0 | AE117: 470.48 | AF117: 0 | AG117: 0 | AH117: 0 | AI117: 0 | AJ117: 0 | AK117: 0 | AL117: 0
A118: 44378 | B118: 1714.3 | C118: 1964.5 | D118: 2765.15 | E118: 1759.65 | F118: 1313.4 | G118: 868.15 | H118: 0 | I118: 1022.4 | J118: 893.45 | K118: 1598.75 | L118: 1553.9 | M118: 0 | N118: 1995.5 | O118: 3427.75 | P118: 0 | Q118: 853.75 | R118: 1023.9 | S118: 1982.45 | T118: 0 | U118: 583.25 | V118: 1866.25 | W118: 4552.15 | X118: 5924.3 | Y118: 5387.75 | Z118: 0 | AA118: 0 | AB118: 0 | AC118: 0 | AD118: 0 | AE118: 588.1 | AF118: 0 | AG118: 0 | AH118: 0 | AI118: 0 | AJ118: 0 | AK118: 0 | AL118: 0
A119: 44409 | B119: 1714.3 | C119: 1964.5 | D119: 2765.15 | E119: 1759.65 | F119: 1313.4 | G119: 868.15 | H119: 0 | I119: 1022.4 | J119: 893.45 | K119: 1598.75 | L119: 1553.9 | M119: 0 | N119: 1995.5 | O119: 3427.75 | P119: 0 | Q119: 853.75 | R119: 1023.9 | S119: 1982.45 | T119: 0 | U119: 583.25 | V119: 1866.25 | W119: 4552.15 | X119: 5924.3 | Y119: 5387.75 | Z119: 0 | AA119: 0 | AB119: 0 | AC119: 0 | AD119: 0 | AE119: 588.1 | AF119: 0 | AG119: 0 | AH119: 0 | AI119: 0 | AJ119: 0 | AK119: 0 | AL119: 0
A120: 44440 | B120: 1714.3 | C120: 1964.5 | D120: 2765.15 | E120: 1759.65 | F120: 1313.4 | G120: 868.15 | H120: 0 | I120: 1022.4 | J120: 893.45 | K120: 1598.75 | L120: 1553.9 | M120: 0 | N120: 1995.5 | O120: 3427.75 | P120: 0 | Q120: 853.75 | R120: 1023.9 | S120: 1982.45 | T120: 0 | U120: 583.25 | V120: 1866.25 | W120: 4552.15 | X120: 5924.3 | Y120: 5387.75 | Z120: 0 | AA120: 0 | AB120: 0 | AC120: 0 | AD120: 0 | AE120: 588.1 | AF120: 0 | AG120: 0 | AH120: 0 | AI120: 0 | AJ120: 0 | AK120: 0 | AL120: 0
A121: 44470 | B121: 1819.5 | C121: 2128.95 | D121: 3191.05 | E121: 1809.85 | F121: 1400.65 | G121: 976.65 | H121: 0 | I121: 1424.45 | J121: 1005.1 | K121: 1686.2 | L121: 1756.55 | M121: 0 | N121: 2109.3 | O121: 3918.6 | P121: 0 | Q121: 960.5 | R121: 1089.95 | S121: 1982.45 | T121: 0 | U121: 672.9 | V121: 2003 | W121: 5050.55 | X121: 6404.4 | Y121: 5627.2 | Z121: 0 | AA121: 0 | AB121: 0 | AC121: 0 | AD121: 0 | AE121: 588.1 | AF121: 0 | AG121: 0 | AH121: 0 | AI121: 0 | AJ121: 0 | AK121: 0 | AL121: 0
A122: 44501 | B122: 1819.5 | C122: 2128.95 | D122: 3191.05 | E122: 1809.85 | F122: 1400.65 | G122: 976.65 | H122: 0 | I122: 1424.45 | J122: 1005.1 | K122: 1686.2 | L122: 1756.55 | M122: 0 | N122: 2109.3 | O122: 3918.6 | P122: 0 | Q122: 960.5 | R122: 1089.95 | S122: 1982.45 | T122: 0 | U122: 672.9 | V122: 2003 | W122: 5050.55 | X122: 6404.4 | Y122: 5627.2 | Z122: 0 | AA122: 0 | AB122: 0 | AC122: 0 | AD122: 0 | AE122: 588.1 | AF122: 0 | AG122: 0 | AH122: 0 | AI122: 0 | AJ122: 0 | AK122: 0 | AL122: 0
A123: 44531 | B123: 2183.4 | C123: 2554.74 | D123: 3829.26 | E123: 2171.82 | F123: 1680.78 | G123: 1171.98 | H123: 0 | I123: 1709.34 | J123: 1206.12 | K123: 2023.44 | L123: 2107.86 | M123: 0 | N123: 2531.16 | O123: 4702.32 | P123: 0 | Q123: 1152.6 | R123: 1307.94 | S123: 2378.94 | T123: 0 | U123: 807.48 | V123: 2403.6 | W123: 6060.66 | X123: 7685.28 | Y123: 6752.64 | Z123: 0 | AA123: 0 | AB123: 0 | AC123: 0 | AD123: 0 | AE123: 705.72 | AF123: 0 | AG123: 0 | AH123: 0 | AI123: 0 | AJ123: 0 | AK123: 0 | AL123: 0
... A159: 45627 | B159: 6240.78 | C159: 2602.88 | D159: 0 | E159: 3396.72 | F159: 2299.19 | G159: 1524.27 | H159: 0 | I159: 1754.42 | J159: 1401.83 | K159: 2685.95 | L159: 2237.39 | M159: 0 | N159: 2715.11 | O159: 4921.51 | P159: 0 | Q159: 1173.62 | R159: 1316.01 | S159: 2326.99 | T159: 0 | U159: 1000.72 | V159: 4520.05 | W159: 6324.97 | X159: 8051.51 | Y159: 7044.74 | Z159: 0 | AA159: 0 | AB159: 0 | AC159: 0 | AD159: 1463.66 | AE159: 1231.65 | AF159: 3826.23 | AG159: 0 | AH159: 0 | AI159: 0 | AJ159: 0 | AK159: 0 | AL159: 0

Sheet VRH-Weekday
A1: Route> | B1: 3 | C1: 4 | D1: 5 | E1: 6 | F1: 7 | G1: 8 | H1: 9 | I1: 14 | J1: 17 | K1: 18 | L1: 19 | M1: 21 | N1: 22 | O1: 23 | P1: 25 | Q1: 28 | R1: 29 | S1: 34 | T1: 41 | U1: 42 | V1: 50 | W1: 52 | X1: 55 | Y1: 56 | Z1: 64 | AA1: 70 | AB1: 71 | AC1: 72 | AD1: 75 | AE1: 76 | AF1: 77 | AG1: 79 | AH1: 84 | AI1: 86 | AJ1: 93 | AK1: 96 | AL1: 97 | AM1: AVERAGE
A2: Date
A3: 44197 | B3: 634.6 | C3: 600.4 | D3: 768.74 | E3: 502.17 | F3: 648.66 | G3: 546.63 | H3: 211.28 | I3: 311.22 | J3: 518.32 | K3: 437.95 | L3: 649.04 | M3: 579.12 | N3: 1319.74 | O3: 1163.75 | P3: 557.84 | Q3: 322.05 | R3: 573.99 | S3: 450.3 | T3: 0 | U3: 254.98 | V3: 1319.55 | W3: 2720.42 | X3: 2794.52 | Y3: 2719.85 | Z3: 0 | AA3: 0 | AB3: 0 | AC3: 240.16 | AE3: 460.37 | AF3: 170.05 | AH3: 0 | AI3: 0 | AJ3: 53.2 | AK3: 382.85
A4: 44228 | B4: 668 | C4: 632 | D4: 809.2 | E4: 528.6 | F4: 682.8 | G4: 575.4 | H4: 222.4 | I4: 327.6 | J4: 545.6 | K4: 461 | L4: 683.2 | M4: 609.6 | N4: 1389.2 | O4: 1225 | P4: 587.2 | Q4: 339 | R4: 604.2 | S4: 474 | T4: 0 | U4: 268.4 | V4: 1389 | W4: 2863.6 | X4: 2941.6 | Y4: 2863 | Z4: 0 | AA4: 0 | AB4: 0 | AC4: 252.8 | AE4: 484.6 | AF4: 179 | AH4: 0 | AI4: 0 | AJ4: 56 | AK4: 403
A5: 44256 | B5: 768.2 | C5: 726.8 | D5: 930.58 | E5: 607.89 | F5: 785.22 | G5: 661.71 | H5: 255.76 | I5: 376.74 | J5: 627.44 | K5: 530.15 | L5: 785.68 | M5: 701.04 | N5: 1614.14 | O5: 1408.75 | P5: 675.28 | Q5: 389.85 | R5: 694.83 | S5: 545.1 | T5: 0 | U5: 308.66 | V5: 1616.97 | W5: 3293.14 | X5: 3397.06 | Y5: 3314.95 | Z5: 0 | AA5: 0 | AB5: 0 | AC5: 290.72 | AE5: 557.29 | AF5: 205.85 | AH5: 0 | AI5: 0 | AJ5: 64.4 | AK5: 463.45
A6: 44287 | B6: 952.6 | C6: 917.95 | D6: 1161.47 | E6: 722.01 | F6: 1303.98 | G6: 663.39 | H6: 244.34 | I6: 386.16 | J6: 663.76 | K6: 611.8 | L6: 798.77 | M6: 470.61 | N6: 1588.09 | O6: 2051.75 | P6: 485.42 | Q6: 387.9 | R6: 676.02 | S6: 417.9 | T6: 77.25 | U6: 308.59 | V6: 1595.79 | W6: 3274.76 | X6: 3806.6 | Y6: 3614.9 | Z6: 0 | AA6: 0 | AB6: 0 | AC6: 88.48 | AE6: 524.06 | AF6: 384.55 | AH6: 360.45 | AI6: 76.95 | AJ6: 61 | AK6: 141.05
A7: 44317 | B7: 958.4 | C7: 929 | D7: 1171 | E7: 716 | F7: 1416.36 | G7: 616 | H7: 222 | I7: 362 | J7: 630.4 | K7: 600.6 | L7: 742.6 | M7: 343 | N7: 1460.12 | O7: 2164 | P7: 373.2 | Q7: 359 | R7: 619.4 | S7: 336 | T7: 103 | U7: 286.2 | V7: 1465.03 | W7: 3030 | X7: 3692.74 | Y7: 3470.05 | Z7: 0 | AA7: 0 | AB7: 0 | AC7: 0 | AE7: 472.6 | AF7: 429.2 | AH7: 480.6 | AI7: 102.6 | AJ7: 55.2 | AK7: 0
A8: 44348 | B8: 1054.24 | C8: 1021.9 | D8: 1288.1 | E8: 787.6 | F8: 1541.98 | G8: 677.6 | H8: 244.2 | I8: 398.2 | J8: 693.44 | K8: 660.66 | L8: 794.42 | M8: 377.3 | N8: 1598.74 | O8: 2380.4 | P8: 410.52 | Q8: 394.9 | R8: 681.34 | S8: 369.6 | T8: 113.3 | U8: 314.82 | V8: 1583.56 | W8: 3333 | X8: 4043.6 | Y8: 3799.18 | Z8: 0 | AA8: 0 | AB8: 0 | AC8: 0 | AE8: 519.86 | AF8: 472.12 | AH8: 528.66 | AI8: 112.86 | AJ8: 60.72 | AK8: 0
A9: 44378 | B9: 1006.32 | C9: 975.45 | D9: 1229.55 | E9: 751.8 | F9: 1471.89 | G9: 646.8 | H9: 233.1 | I9: 380.1 | J9: 661.92 | K9: 630.63 | L9: 758.31 | M9: 360.15 | N9: 1526.07 | O9: 2272.2 | P9: 391.86 | Q9: 376.95 | R9: 650.37 | S9: 352.8 | T9: 108.15 | U9: 300.51 | V9: 1511.58 | W9: 3181.5 | X9: 3859.8 | Y9: 3626.49 | Z9: 0 | AA9: 0 | AB9: 0 | AC9: 0 | AE9: 496.23 | AF9: 450.66 | AH9: 504.63 | AI9: 107.73 | AJ9: 57.96 | AK9: 0
A10: 44409 | B10: 1054.24 | C10: 1021.9 | D10: 1288.1 | E10: 787.6 | F10: 1556.54 | G10: 677.6 | H10: 244.2 | I10: 398.2 | J10: 693.44 | K10: 660.66 | L10: 813.62 | M10: 377.3 | N10: 1605.46 | O10: 2380.4 | P10: 410.52 | Q10: 394.9 | R10: 681.34 | S10: 369.6 | T10: 113.3 | U10: 314.82 | V10: 1608.52 | W10: 3333 | X10: 4059.92 | Y10: 3815.18 | Z10: 0 | AA10: 0 | AB10: 0 | AC10: 0 | AE10: 519.86 | AF10: 472.12 | AH10: 528.66 | AI10: 112.86 | AJ10: 60.72 | AK10: 0
A11: 44440 | B11: 1006.32 | C11: 975.45 | D11: 1229.55 | E11: 751.8 | F11: 1491 | G11: 646.8 | H11: 233.1 | I11: 380.1 | J11: 661.92 | K11: 630.63 | L11: 783.51 | M11: 360.15 | N11: 1534.89 | O11: 2272.2 | P11: 391.86 | Q11: 376.95 | R11: 650.37 | S11: 352.8 | T11: 108.15 | U11: 300.51 | V11: 1544.34 | W11: 3181.5 | X11: 3881.22 | Y11: 3647.49 | Z11: 0 | AA11: 0 | AB11: 0 | AC11: 0 | AE11: 496.23 | AF11: 450.66 | AH11: 504.63 | AI11: 107.73 | AJ11: 57.96 | AK11: 0
A12: 44470 | B12: 1122.92 | C12: 996.79 | D12: 1459.95 | E12: 814.2 | F12: 1444.62 | G12: 763 | H12: 443.1 | I12: 379.5 | J12: 661.72 | K12: 639.43 | L12: 762.51 | M12: 358.75 | N12: 1556.23 | O12: 2328.24 | P12: 392.26 | Q12: 376.95 | R12: 650.37 | S12: 352.8 | T12: 107.95 | U12: 341.71 | V12: 2016.82 | W12: 3200.1 | X12: 3926.82 | Y12: 3649.43 | Z12: 63.4 | AA12: 0 | AB12: 0 | AC12: 0 | AE12: 503.23 | AF12: 446.26 | AH12: 687.73 | AI12: 161.41 | AJ12: 83.36 | AK12: 0
A13: 44501 | B13: 1128.75 | C13: 997.89 | D13: 1471.47 | E13: 817.32 | F13: 1445.04 | G13: 768.81 | H13: 453.6 | I13: 379.47 | J13: 661.71 | K13: 639.87 | L13: 761.46 | M13: 358.68 | N13: 1559.64 | O13: 2335.2 | P13: 392.28 | Q13: 376.95 | R13: 650.37 | S13: 352.8 | T13: 107.94 | U13: 343.77 | V13: 2046.12 | W13: 3201.03 | X13: 3934.38 | Y13: 3652.53 | Z13: 66.57 | AA13: 0 | AB13: 0 | AC13: 0 | AE13: 503.58 | AF13: 446.04 | AH13: 697.05 | AI13: 164.49 | AJ13: 84.63 | AK13: 0
A14: 44531 | B14: 1128.75 | C14: 997.83 | D14: 1471.47 | E14: 817.32 | F14: 1440.06 | G14: 768.82 | H14: 453.6 | I14: 379.47 | J14: 661.71 | K14: 639.87 | L14: 761.46 | M14: 358.68 | N14: 1555.38 | O14: 2327.64 | P14: 392.28 | Q14: 376.95 | R14: 650.37 | S14: 352.8 | T14: 107.94 | U14: 343.77 | V14: 2036.57 | W14: 3201.03 | X14: 3925.33 | Y14: 3647.57 | Z14: 66.57 | AA14: 0 | AB14: 0 | AC14: 0 | AE14: 503.58 | AF14: 446.04 | AH14: 696.75 | AI14: 163.77 | AJ14: 84.63 | AK14: 0
... A17: 44621 | B17: 1236.25 | C17: 1092.9 | D17: 1611.61 | E17: 895.16 | F17: 1580.41 | G17: 842.04 | H17: 496.8 | I17: 415.61 | J17: 724.73 | K17: 700.81 | L17: 833.98 | M17: 392.84 | N17: 1706.25 | O17: 2554.78 | P17: 429.64 | Q17: 412.85 | R17: 712.31 | S17: 386.4 | T17: 118.22 | U17: 376.51 | V17: 2237.56 | W17: 3505.89 | X17: 4305.71 | Y17: 3998.67 | Z17: 72.91 | AA17: 0 | AB17: 0 | AC17: 0 | AE17: 551.54 | AF17: 488.52 | AH17: 763.35 | AI17: 179.95 | AJ17: 92.69 | AK17: 0
A18: 44652 | B18: 2702.95 | C18: 998.31 | D18: 70.07 | E18: 1044.92 | F18: 1518.35 | G18: 803.61 | H18: 459.4 | I18: 487.07 | J18: 943.11 | K18: 639.87 | L18: 1099.26 | M18: 17.08 | N18: 1579.67 | O18: 2343.18 | P18: 18.68 | Q18: 483.15 | R18: 790.17 | S18: 351.2 | T18: 107.34 | U18: 435.97 | V18: 2074.06 | W18: 3235.03 | X18: 3971.98 | Y18: 3687.36 | Z18: 66.57 | AA18: 0 | AB18: 0 | AC18: 0 | AD18: 373 | AE18: 383.78 | AF18: 809.84 | AG18: 537.8 | AH18: 690.95 | AI18: 164.73 | AJ18: 83.43 | AK18: 0
A19: 44682 | B19: 2781.66 | C19: 998.32 | D19: 0 | E19: 1056.3 | F19: 1521.34 | G19: 805.35 | H19: 459.69 | I19: 492.45 | J19: 957.18 | K19: 639.87 | L19: 1116.15 | M19: 0 | N19: 1579.9 | O19: 2343.39 | P19: 0 | Q19: 488.46 | R19: 797.16 | S19: 351.12 | T19: 107.31 | U19: 440.58 | V19: 2076.89 | W19: 3236.73 | X19: 3974.3 | Y19: 3689.92 | Z19: 66.57 | AA19: 0 | AB19: 0 | AC19: 0 | AD19: 391.65 | AE19: 377.79 | AF19: 828.03 | AG19: 564.69 | AH19: 690.4 | AI19: 164.61 | AJ19: 83.37 | AK19: 0
A20: 44713 | B20: 2914.12 | C20: 1045.66 | D20: 0 | E20: 1106.6 | F20: 1582.24 | G20: 843.7 | H20: 481.58 | I20: 515.9 | J20: 1002.76 | K20: 670.34 | L20: 1169.3 | M20: 0 | N20: 1641.2 | O20: 2454.98 | P20: 0 | Q20: 511.72 | R20: 835.12 | S20: 367.84 | T20: 112.42 | U20: 461.56 | V20: 2144.34 | W20: 3390.86 | X20: 4129.4 | Y20: 3841.64 | Z20: 69.74 | AA20: 0 | AB20: 0 | AC20: 0 | AD20: 410.3 | AE20: 395.78 | AF20: 867.46 | AG20: 591.58 | AH20: 718.3 | AI20: 170.06 | AJ20: 87.34 | AK20: 0
A21: 44743 | B21: 2235.4495 | C21: 966.34977 | D21: 0 | E21: 754.96649 | F21: 1471.7498 | G21: 636.29981 | H21: 233.09995 | I21: 380.09987 | J21: 621.59981 | K21: 632.44987 | L21: 758.44982 | M21: 0 | N21: 1525.9996 | O21: 2272.1995 | P21: 0 | Q21: 376.94992 | R21: 690.54988 | S21: 352.79992 | T21: 108.14998 | U21: 300.64997 | V21: 1538.2495 | W21: 3175.1994 | X21: 3859.7992 | Y21: 3626.3491 | Z21: 63 | AA21: 0 | AB21: 0 | AC21: 0 | AD21: 391.99994 | AE21: 496.29996 | AF21: 810.94973 | AG21: 538 | AH21: 504.69995 | AI21: 107.79999 | AJ21: 58.099986 | AK21: 0
A22: 44774 | B22: 2341.8995 | C22: 1013.1664 | D22: 0 | E22: 791.26648 | F22: 1549.5664 | G22: 667.13314 | H22: 244.19995 | I22: 398.19987 | J22: 651.1998 | K22: 662.56653 | L22: 794.56648 | M22: 0 | N22: 1605.3329 | O22: 2386.7329 | P22: 0 | Q22: 394.89992 | R22: 723.43321 | S22: 369.59992 | T22: 113.29998 | U22: 314.96663 | V22: 1635.7661 | W22: 3326.3994 | X22: 4059.0659 | Y22: 3815.0324 | Z22: 73 | AA22: 0 | AB22: 0 | AC22: 0 | AD22: 410.6666 | AE22: 519.93329 | AF22: 849.56638 | AG22: 618 | AH22: 528.73328 | AI22: 112.93333 | AJ22: 60.866652 | AK22: 0
A23: 44805 | B23: 2235.4495 | C23: 967.34977 | D23: 0 | E23: 755.29982 | F23: 1481.4164 | G23: 636.96648 | H23: 233.09995 | I23: 380.09987 | J23: 621.59981 | K23: 632.44987 | L23: 758.44982 | M23: 0 | N23: 1534.3329 | O23: 2297.5329 | P23: 0 | Q23: 376.94992 | R23: 690.54988 | S23: 352.79992 | T23: 108.14998 | U23: 300.64997 | V23: 1568.5828 | W23: 3175.1994 | X23: 3879.1326 | Y23: 3646.3491 | Z23: 67 | AA23: 0 | AB23: 0 | AC23: 0 | AD23: 391.99994 | AE23: 496.29996 | AF23: 810.94973 | AG23: 565 | AH23: 504.69995 | AI23: 107.79999 | AJ23: 58.099986 | AK23: 0
A24: 44835 | B24: 2582.1161 | C24: 988.38308 | D24: 0 | E24: 809.29982 | F24: 1432.1831 | G24: 751.99977 | H24: 448.09987 | I24: 379.43318 | J24: 618.26647 | K24: 641.11653 | L24: 757.44982 | M24: 0 | N24: 1551.8329 | O24: 2311.7996 | P24: 0 | Q24: 376.94992 | R24: 693.8832 | S24: 352.79992 | T24: 114.48331 | U24: 341.64996 | V24: 2014.6826 | W24: 3193.8661 | X24: 3924.1493 | Y24: 3645.3491 | Z24: 49.33333 | AA24: 0 | AB24: 0 | AC24: 0 | AD24: 392.33327 | AE24: 503.29996 | AF24: 804.94972 | AG24: 551 | AH24: 677.03325 | AI24: 169.79999 | AJ24: 83.433314 | AK24: 0
A25: 44866 | B25: 2599.4494 | C25: 989.64975 | D25: 0 | E25: 811.99982 | F25: 1431.7997 | G25: 757.74977 | H25: 458.84987 | I25: 379.39985 | J25: 618.0998 | K25: 641.54986 | L25: 757.39982 | M25: 0 | N25: 1554.4996 | O25: 2320.0496 | P25: 0 | Q25: 376.94992 | R25: 694.04987 | S25: 352.79992 | T25: 114.79998 | U25: 343.69996 | V25: 2042.2993 | W25: 3194.7994 | X25: 3932.9493 | Y25: 3648.1491 | Z25: 51.799996 | AA25: 0 | AB25: 0 | AC25: 0 | AD25: 392.34994 | AE25: 503.64996 | AF25: 804.64972 | AG25: 551 | AH25: 685.64992 | AI25: 172.89999 | AJ25: 84.69998 | AK25: 0
A26: 44896 | B26: 2599.5161 | C26: 989.29975 | D26: 0 | E26: 811.99982 | F26: 1428.4164 | G26: 757.81643 | H26: 458.84987 | I26: 379.39985 | J26: 618.0998 | K26: 641.54986 | L26: 757.39982 | M26: 0 | N26: 1551.5829 | O26: 2326.9829 | P26: 0 | Q26: 376.94992 | R26: 694.04987 | S26: 352.79992 | T26: 114.79998 | U26: 343.69996 | V26: 2033.616 | W26: 3194.7994 | X26: 3924.9493 | Y26: 3645.7324 | Z26: 51.799996 | AA26: 0 | AB26: 0 | AC26: 0 | AD26: 392.34994 | AE26: 503.64996 | AF26: 804.64972 | AG26: 551 | AH26: 685.64992 | AI26: 172.89999 | AJ26: 84.69998 | AK26: 0
A27: 44927 | B27: 2642.3328 | C27: 943.73311 | D27: 0 | E27: 1010.9998 | F27: 1439.3998 | G27: 753.3331 | H27: 454.3332 | I27: 466.33316 | J27: 900.33312 | K27: 621.99988 | L27: 1062.9997 | M27: 0 | N27: 1498.6662 | O27: 2231.6662 | P27: 0 | Q27: 462.33321 | R27: 770.66651 | S27: 334.33327 | T27: 108.99998 | U27: 419.66662 | V27: 1978.666 | W27: 3105.9994 | X27: 3818.2659 | Y27: 3494.9991 | Z27: 49.33333 | AA27: 0 | AB27: 0 | AC27: 0 | AD27: 373.99993 | AE27: 403.33326 | AF27: 770.6664 | AG27: 493.13321 | AH27: 643.33326 | AI27: 163.99999 | AJ27: 79.333312 | AK27: 0
A28: 44958 | B28: 2642.3328 | C28: 943.93311 | D28: 0 | E28: 1010.9998 | F28: 1440.8498 | G28: 753.3331 | H28: 454.3332 | I28: 466.33316 | J28: 900.33312 | K28: 621.99988 | L28: 1062.9997 | M28: 0 | N28: 1499.9162 | O28: 2231.6662 | P28: 0 | Q28: 462.33321 | R28: 770.66651 | S28: 334.33327 | T28: 108.99998 | U28: 419.66662 | V28: 1984.166 | W28: 3105.9994 | X28: 3822.8159 | Y28: 3496.7491 | Z28: 49.33333 | AA28: 0 | AB28: 0 | AC28: 0 | AD28: 373.99993 | AE28: 403.33326 | AF28: 770.6664 | AG28: 493.28321 | AH28: 643.33326 | AI28: 163.99999 | AJ28: 79.333312 | AK28: 0
A29: 44986 | B29: 3038.6827 | C29: 1085.2164 | D29: 0 | E29: 1162.6497 | F29: 1654.633 | G29: 866.3664 | H29: 522.48318 | I29: 536.28313 | J29: 1035.3831 | K29: 715.29986 | L29: 1222.4497 | M29: 0 | N29: 1722.8829 | O29: 2566.4161 | P29: 0 | Q29: 531.68319 | R29: 886.26649 | S29: 384.48327 | T29: 125.34997 | U29: 482.61661 | V29: 2274.4992 | W29: 3571.8993 | X29: 4389.8491 | Y29: 4019.1823 | Z29: 56.73333 | AA29: 0 | AB29: 0 | AC29: 0 | AD29: 430.09991 | AE29: 463.83325 | AF29: 886.26636 | AG29: 566.6832 | AH29: 739.83325 | AI29: 188.59999 | AJ29: 91.233309 | AK29: 0
... A50: 45627 | B50: 2733.8995 | C50: 1001.8831 | D50: 0 | E50: 1189.9997 | F50: 1765.283 | G50: 870.73306 | H50: 454.3332 | I50: 466.33316 | J50: 898.99979 | K50: 607.3332 | L50: 1062.3331 | M50: 0 | N50: 1535.0829 | O50: 2291.6662 | P50: 0 | Q50: 462.33321 | R50: 769.6665 | S50: 334.33327 | T50: 102.33331 | U50: 468.33327 | V50: 2037.3326 | W50: 3221.6661 | X50: 3977.3325 | Y50: 3548.1658 | Z50: 49.33333 | AA50: 246.33325 | AB50: 614 | AC50: 0 | AD50: 499.66655 | AE50: 390.33325 | AF50: 957.66637 | AG50: 514.31655 | AH50: 693.66659 | AI50: 160.66665 | AJ50: 79.333312 | AK50: 0

Sheet VRH-SatSun
A1: SAT/SUN COMBINED
A3: Route> | B3: 3 | C3: 4 | D3: 5 | E3: 6 | F3: 7 | G3: 8 | H3: 9 | I3: 14 | J3: 17 | K3: 18 | L3: 19 | M3: 21 | N3: 22 | O3: 23 | P3: 25 | Q3: 28 | R3: 29 | S3: 34 | T3: 41 | U3: 42 | V3: 50 | W3: 52 | X3: 55 | Y3: 56 | Z3: 64 | AA3: 70 | AB3: 71 | AC3: 72 | AD3: 75 | AE3: 76 | AF3: 77 | AG3: 79 | AH3: 84 | AI3: 86 | AJ3: 93 | AK3: 96 | AL3: 97 | AM3: AVERAGE
A4: Date
A5: 44197 | B5: 367.02 | C5: 375 | D5: 480.96 | E5: 134.58 | F5: 366.24 | G5: 197.04 | H5: 0 | I5: 175.2 | J5: 265.98 | K5: 206.28 | L5: 378.18 | M5: 184.68 | N5: 447.96 | O5: 404.34 | P5: 344.4 | Q5: 197.4 | R5: 357.48 | S5: 239.52 | T5: 0 | U5: 157.26 | V5: 568.5 | W5: 1070.7 | X5: 1091.04 | Y5: 1062.24 | Z5: 0 | AA5: 0 | AB5: 0 | AC5: 75.84 | AD5: 0 | AE5: 110.4 | AF5: 53.7 | AG5: 0 | AH5: 0 | AI5: 0 | AJ5: 0 | AK5: 0 | AL5: 0
A6: 44228 | B6: 244.68 | C6: 250 | D6: 320.64 | E6: 89.72 | F6: 244.16 | G6: 131.36 | H6: 0 | I6: 116.8 | J6: 177.32 | K6: 137.52 | L6: 252.12 | M6: 123.12 | N6: 298.64 | O6: 269.56 | P6: 229.6 | Q6: 131.6 | R6: 238.32 | S6: 159.68 | T6: 0 | U6: 104.84 | V6: 379 | W6: 713.8 | X6: 727.36 | Y6: 708.16 | Z6: 0 | AA6: 0 | AB6: 0 | AC6: 50.56 | AD6: 0 | AE6: 73.6 | AF6: 35.8 | AG6: 0 | AH6: 0 | AI6: 0 | AJ6: 0 | AK6: 0 | AL6: 0
A7: 44256 | B7: 244.68 | C7: 250 | D7: 320.64 | E7: 89.72 | F7: 244.16 | G7: 131.36 | H7: 0 | I7: 116.8 | J7: 177.32 | K7: 137.52 | L7: 252.12 | M7: 123.12 | N7: 298.64 | O7: 269.56 | P7: 229.6 | Q7: 131.6 | R7: 238.32 | S7: 159.68 | T7: 0 | U7: 104.84 | V7: 379 | W7: 713.8 | X7: 727.36 | Y7: 708.16 | Z7: 0 | AA7: 0 | AB7: 0 | AC7: 50.56 | AD7: 0 | AE7: 73.6 | AF7: 35.8 | AG7: 0 | AH7: 0 | AI7: 0 | AJ7: 0 | AK7: 0 | AL7: 0
A8: 44287 | B8: 244.68 | C8: 250 | D8: 320.64 | E8: 157.01 | F8: 244.16 | G8: 131.36 | H8: 0 | I8: 117.04 | J8: 177.32 | K8: 137.52 | L8: 251.47 | M8: 85.22 | N8: 298.57 | O8: 402.55 | P8: 124.08 | Q8: 131.6 | R8: 238.32 | S8: 144.62 | T8: 0 | U8: 104.84 | V8: 379 | W8: 713.8 | X8: 727.36 | Y8: 708.16 | Z8: 0 | AA8: 0 | AB8: 0 | AC8: 25.28 | AD8: 0 | AE8: 73.6 | AF8: 42.56 | AG8: 0 | AH8: 0 | AI8: 0 | AJ8: 0 | AK8: 0 | AL8: 0
A9: 44317 | B9: 335.33 | C9: 343.25 | D9: 440.5 | E9: 246.73 | F9: 335.26 | G9: 180.12 | H9: 0 | I9: 159.36 | J9: 238.7 | K9: 189.09 | L9: 343.75 | M9: 59.15 | N9: 404.17 | O9: 662.94 | P9: 93.3 | Q9: 180.45 | R9: 327.13 | S9: 178.8 | T9: 0 | U9: 143.84 | V9: 504.68 | W9: 979.57 | X9: 998.07 | Y9: 971.89 | Z9: 0 | AA9: 0 | AB9: 0 | AC9: 0 | AD9: 0 | AE9: 101.2 | AF9: 61.65 | AG9: 0 | AH9: 0 | AI9: 0 | AJ9: 0 | AK9: 0 | AL9: 0
A10: 44348 | B10: 244.68 | C10: 250 | D10: 320.64 | E10: 179.44 | F10: 244.16 | G10: 131.36 | H10: 0 | I10: 117.2 | J10: 177.32 | K10: 137.52 | L10: 251.08 | M10: 47.32 | N10: 298.52 | O10: 482.96 | P10: 74.64 | Q10: 131.6 | R10: 238.32 | S10: 130.4 | T10: 0 | U10: 104.84 | V10: 379 | W10: 713.8 | X10: 727.36 | Y10: 708.16 | Z10: 0 | AA10: 0 | AB10: 0 | AC10: 0 | AD10: 0 | AE10: 73.6 | AF10: 49.32 | AG10: 0 | AH10: 0 | AI10: 0 | AJ10: 0 | AK10: 0 | AL10: 0
A11: 44378 | B11: 305.85 | C11: 312.5 | D11: 400.8 | E11: 224.3 | F11: 305.2 | G11: 164.2 | H11: 0 | I11: 146.5 | J11: 221.65 | K11: 171.9 | L11: 313.85 | M11: 59.15 | N11: 373.15 | O11: 603.7 | P11: 93.3 | Q11: 164.5 | R11: 297.9 | S11: 163 | T11: 0 | U11: 131.05 | V11: 473.75 | W11: 892.25 | X11: 909.2 | Y11: 885.2 | Z11: 0 | AA11: 0 | AB11: 0 | AC11: 0 | AD11: 0 | AE11: 92 | AF11: 61.65 | AG11: 0 | AH11: 0 | AI11: 0 | AJ11: 0 | AK11: 0 | AL11: 0
A12: 44409 | B12: 274.16 | C12: 280.75 | D12: 360.34 | E12: 201.87 | F12: 274.22 | G12: 147.28 | H12: 0 | I12: 130.06 | J12: 194.37 | K12: 154.71 | L12: 280.98 | M12: 47.32 | N12: 329.54 | O12: 542.2 | P12: 74.64 | Q12: 147.55 | R12: 267.55 | S12: 146.2 | T12: 0 | U12: 117.63 | V12: 409.93 | W12: 801.12 | X12: 816.23 | Y12: 794.85 | Z12: 0 | AA12: 0 | AB12: 0 | AC12: 0 | AD12: 0 | AE12: 82.8 | AF12: 49.32 | AG12: 0 | AH12: 0 | AI12: 0 | AJ12: 0 | AK12: 0 | AL12: 0
A13: 44440 | B13: 274.16 | C13: 280.75 | D13: 360.34 | E13: 201.87 | F13: 274.22 | G13: 147.28 | H13: 0 | I13: 130.06 | J13: 194.37 | K13: 154.71 | L13: 280.98 | M13: 47.32 | N13: 329.54 | O13: 542.2 | P13: 74.64 | Q13: 147.55 | R13: 267.55 | S13: 146.2 | T13: 0 | U13: 117.63 | V13: 409.93 | W13: 801.12 | X13: 816.23 | Y13: 794.85 | Z13: 0 | AA13: 0 | AB13: 0 | AC13: 0 | AD13: 0 | AE13: 82.8 | AF13: 49.32 | AG13: 0 | AH13: 0 | AI13: 0 | AJ13: 0 | AK13: 0 | AL13: 0
A14: 44470 | B14: 323.96 | C14: 332.9 | D14: 440.24 | E14: 225.21 | F14: 321.56 | G14: 182.99 | H14: 0 | I14: 181.29 | J14: 239.65 | K14: 182.47 | L14: 340.42 | M14: 58.63 | N14: 393.04 | O14: 640.45 | P14: 93.26 | Q14: 180.5 | R14: 315.63 | S14: 167 | T14: 0 | U14: 148.85 | V14: 512.34 | W14: 945.5 | X14: 953.29 | Y14: 925.99 | Z14: 0 | AA14: 0 | AB14: 0 | AC14: 0 | AD14: 0 | AE14: 107.32 | AF14: 61.01 | AG14: 0 | AH14: 0 | AI14: 0 | AJ14: 0 | AK14: 0 | AL14: 0
A15: 44501 | B15: 292.27 | C15: 301.15 | D15: 399.78 | E15: 202.78 | F15: 290.58 | G15: 166.07 | H15: 0 | I15: 164.85 | J15: 212.37 | K15: 165.28 | L15: 307.55 | M15: 46.8 | N15: 349.43 | O15: 578.95 | P15: 74.6 | Q15: 163.55 | R15: 285.28 | S15: 150.2 | T15: 0 | U15: 135.43 | V15: 448.52 | W15: 854.37 | X15: 860.32 | Y15: 835.64 | Z15: 0 | AA15: 0 | AB15: 0 | AC15: 0 | AD15: 0 | AE15: 98.12 | AF15: 48.68 | AG15: 0 | AH15: 0 | AI15: 0 | AJ15: 0 | AK15: 0 | AL15: 0
A16: 44531 | B16: 323.86 | C16: 333.9 | D16: 444.2 | E16: 225.28 | F16: 322.2 | G16: 183.98 | H16: 0 | I16: 182.9 | J16: 231.42 | K16: 183.2 | L16: 341.42 | M16: 46.8 | N16: 382.06 | O16: 641.42 | P16: 74.6 | Q16: 181.5 | R16: 316.48 | S16: 166 | T16: 0 | U16: 150.22 | V16: 483.2 | W16: 947.02 | X16: 953.12 | Y16: 926.12 | Z16: 0 | AA16: 0 | AB16: 0 | AC16: 0 | AD16: 0 | AE16: 107.32 | AF16: 48.68 | AG16: 0 | AH16: 0 | AI16: 0 | AJ16: 0 | AK16: 0 | AL16: 0
... A52: 45627 | B52: 913.17 | C52: 394.77 | D52: 0 | E52: 386.48 | F52: 560.08 | G52: 390.05 | H52: 0 | I52: 205.98 | J52: 297.3 | K52: 340.15 | L52: 377.97 | M52: 0 | N52: 474.03 | O52: 752.4 | P52: 0 | Q52: 194.05 | R52: 352.75 | S52: 184.18 | T52: 0 | U52: 189.9 | V52: 769.27 | W52: 1135.53 | X52: 1294.7 | Y52: 1065.92 | Z52: 0 | AA52: 0 | AB52: 0 | AC52: 0 | AD52: 274.08 | AE52: 164.75 | AF52: 532.17 | AG52: 63.58 | AH52: 0 | AI52: 0 | AJ52: 0 | AK52: 0 | AL52: 0
A59: SATURDAY
A60: 44197 | B60: 190.14 | C60: 190.5 | D60: 242.76 | E60: 134.58 | F60: 185.88 | G60: 101.52 | H60: 0 | I60: 98.28 | J60: 163.68 | K60: 103.14 | L60: 198 | M60: 184.68 | N60: 261.78 | O60: 206.64 | P60: 176.16 | Q60: 101.7 | R60: 182.1 | S60: 142.2 | T60: 0 | U60: 80.52 | V60: 382.92 | W60: 546.78 | X60: 557.82 | Y60: 542.1 | Z60: 0 | AA60: 0 | AB60: 0 | AC60: 75.84 | AD60: 0 | AE60: 55.2 | AF60: 53.7 | AG60: 0 | AH60: 0 | AI60: 0 | AJ60: 0 | AK60: 0
A61: 44228 | B61: 126.76 | C61: 127 | D61: 161.84 | E61: 89.72 | F61: 123.92 | G61: 67.68 | H61: 0 | I61: 65.52 | J61: 109.12 | K61: 68.76 | L61: 132 | M61: 123.12 | N61: 174.52 | O61: 137.76 | P61: 117.44 | Q61: 67.8 | R61: 121.4 | S61: 94.8 | T61: 0 | U61: 53.68 | V61: 255.28 | W61: 364.52 | X61: 371.88 | Y61: 361.4 | Z61: 0 | AA61: 0 | AB61: 0 | AC61: 50.56 | AD61: 0 | AE61: 36.8 | AF61: 35.8 | AG61: 0 | AH61: 0 | AI61: 0 | AJ61: 0 | AK61: 0
A62: 44256 | B62: 126.76 | C62: 127 | D62: 161.84 | E62: 89.72 | F62: 123.92 | G62: 67.68 | H62: 0 | I62: 65.52 | J62: 109.12 | K62: 68.76 | L62: 132 | M62: 123.12 | N62: 174.52 | O62: 137.76 | P62: 117.44 | Q62: 67.8 | R62: 121.4 | S62: 94.8 | T62: 0 | U62: 53.68 | V62: 255.28 | W62: 364.52 | X62: 371.88 | Y62: 361.4 | Z62: 0 | AA62: 0 | AB62: 0 | AC62: 50.56 | AD62: 0 | AE62: 36.8 | AF62: 35.8 | AG62: 0 | AH62: 0 | AI62: 0 | AJ62: 0 | AK62: 0
A63: 44287 | B63: 126.76 | C63: 127 | D63: 161.84 | E63: 89.72 | F63: 123.92 | G63: 67.68 | H63: 0 | I63: 65.64 | J63: 109.12 | K63: 68.76 | L63: 131.74 | M63: 85.22 | N63: 174.48 | O63: 191.88 | P63: 96.04 | Q63: 67.8 | R63: 121.4 | S63: 81 | T63: 0 | U63: 53.68 | V63: 255.28 | W63: 364.52 | X63: 371.88 | Y63: 361.4 | Z63: 0 | AA63: 0 | AB63: 0 | AC63: 25.28 | AD63: 0 | AE63: 36.8 | AF63: 42.56 | AG63: 0 | AH63: 0 | AI63: 0 | AJ63: 0 | AK63: 0
A64: 44317 | B64: 158.45 | C64: 158.75 | D64: 202.3 | E64: 112.15 | F64: 154.9 | G64: 84.6 | H64: 0 | I64: 82.2 | J64: 136.4 | K64: 85.95 | L64: 164.35 | M64: 59.15 | N64: 218.05 | O64: 307.5 | P64: 93.3 | Q64: 84.75 | R64: 151.75 | S64: 84 | T64: 0 | U64: 67.1 | V64: 319.1 | W64: 455.65 | X64: 464.85 | Y64: 451.75 | Z64: 0 | AA64: 0 | AB64: 0 | AC64: 0 | AD64: 0 | AE64: 46 | AF64: 61.65 | AG64: 0 | AH64: 0 | AI64: 0 | AJ64: 0 | AK64: 0
A65: 44348 | B65: 126.76 | C65: 127 | D65: 161.84 | E65: 89.72 | F65: 123.92 | G65: 67.68 | H65: 0 | I65: 65.76 | J65: 109.12 | K65: 68.76 | L65: 131.48 | M65: 47.32 | N65: 174.44 | O65: 246 | P65: 74.64 | Q65: 67.8 | R65: 121.4 | S65: 67.2 | T65: 0 | U65: 53.68 | V65: 255.28 | W65: 364.52 | X65: 371.88 | Y65: 361.4 | Z65: 0 | AA65: 0 | AB65: 0 | AC65: 0 | AD65: 0 | AE65: 36.8 | AF65: 49.32 | AG65: 0 | AH65: 0 | AI65: 0 | AJ65: 0 | AK65: 0
A66: 44378 | B66: 158.45 | C66: 158.75 | D66: 202.3 | E66: 112.15 | F66: 154.9 | G66: 84.6 | H66: 0 | I66: 82.2 | J66: 136.4 | K66: 85.95 | L66: 164.35 | M66: 59.15 | N66: 218.05 | O66: 307.5 | P66: 93.3 | Q66: 84.75 | R66: 151.75 | S66: 84 | T66: 0 | U66: 67.1 | V66: 319.1 | W66: 455.65 | X66: 464.85 | Y66: 451.75 | Z66: 0 | AA66: 0 | AB66: 0 | AC66: 0 | AD66: 0 | AE66: 46 | AF66: 61.65 | AG66: 0 | AH66: 0 | AI66: 0 | AJ66: 0 | AK66: 0
A67: 44409 | B67: 126.76 | C67: 127 | D67: 161.84 | E67: 89.72 | F67: 123.92 | G67: 67.68 | H67: 0 | I67: 65.76 | J67: 109.12 | K67: 68.76 | L67: 131.48 | M67: 47.32 | N67: 174.44 | O67: 246 | P67: 74.64 | Q67: 67.8 | R67: 121.4 | S67: 67.2 | T67: 0 | U67: 53.68 | V67: 255.28 | W67: 364.52 | X67: 371.88 | Y67: 361.4 | Z67: 0 | AA67: 0 | AB67: 0 | AC67: 0 | AD67: 0 | AE67: 36.8 | AF67: 49.32 | AG67: 0 | AH67: 0 | AI67: 0 | AJ67: 0 | AK67: 0
A68: 44440 | B68: 126.76 | C68: 127 | D68: 161.84 | E68: 89.72 | F68: 123.92 | G68: 67.68 | H68: 0 | I68: 65.76 | J68: 109.12 | K68: 68.76 | L68: 131.48 | M68: 47.32 | N68: 174.44 | O68: 246 | P68: 74.64 | Q68: 67.8 | R68: 121.4 | S68: 67.2 | T68: 0 | U68: 53.68 | V68: 255.28 | W68: 364.52 | X68: 371.88 | Y68: 361.4 | Z68: 0 | AA68: 0 | AB68: 0 | AC68: 0 | AD68: 0 | AE68: 36.8 | AF68: 49.32 | AG68: 0 | AH68: 0 | AI68: 0 | AJ68: 0 | AK68: 0
A69: 44470 | B69: 166.01 | C69: 169.15 | D69: 218.14 | E69: 112.71 | F69: 163.46 | G69: 93.44 | H69: 0 | I69: 91.04 | J69: 144.4 | K69: 92.87 | L69: 171.07 | M69: 58.63 | N69: 229.89 | O69: 328.1 | P69: 93.26 | Q69: 90.75 | R69: 159.63 | S69: 88 | T69: 0 | U69: 74.9 | V69: 338.94 | W69: 482.25 | X69: 489.29 | Y69: 473.59 | Z69: 0 | AA69: 0 | AB69: 0 | AC69: 0 | AD69: 0 | AE69: 61.32 | AF69: 61.01 | AG69: 0 | AH69: 0 | AI69: 0 | AJ69: 0 | AK69: 0
A70: 44501 | B70: 134.32 | C70: 137.4 | D70: 177.68 | E70: 90.28 | F70: 132.48 | G70: 76.52 | H70: 0 | I70: 74.6 | J70: 117.12 | K70: 75.68 | L70: 138.2 | M70: 46.8 | N70: 186.28 | O70: 266.6 | P70: 74.6 | Q70: 73.8 | R70: 129.28 | S70: 71.2 | T70: 0 | U70: 61.48 | V70: 275.12 | W70: 391.12 | X70: 396.32 | Y70: 383.24 | Z70: 0 | AA70: 0 | AB70: 0 | AC70: 0 | AD70: 0 | AE70: 52.12 | AF70: 48.68 | AG70: 0 | AH70: 0 | AI70: 0 | AJ70: 0 | AK70: 0
A71: 44531 | B71: 134.32 | C71: 137.4 | D71: 177.68 | E71: 90.28 | F71: 132.48 | G71: 76.52 | H71: 0 | I71: 74.6 | J71: 117.12 | K71: 75.68 | L71: 138.2 | M71: 46.8 | N71: 186.28 | O71: 266.6 | P71: 74.6 | Q71: 73.8 | R71: 129.28 | S71: 71.2 | T71: 0 | U71: 61.48 | V71: 275.12 | W71: 391.12 | X71: 396.32 | Y71: 383.24 | Z71: 0 | AA71: 0 | AB71: 0 | AC71: 0 | AD71: 0 | AE71: 52.12 | AF71: 48.68 | AG71: 0 | AH71: 0 | AI71: 0 | AJ71: 0 | AK71: 0
... A107: 45627 | B107: 436.92 | C107: 185.67 | D107: 0 | E107: 176.08 | F107: 267.58 | G107: 211.75 | H107: 0 | I107: 94.58 | J107: 179.75 | K107: 155.75 | L107: 173.92 | M107: 0 | N107: 252.33 | O107: 360.75 | P107: 0 | Q107: 89.25 | R107: 166.5 | S107: 88.58 | T107: 0 | U107: 92 | V107: 368.92 | W107: 558.08 | X107: 716 | Y107: 503.67 | Z107: 0 | AA107: 0 | AB107: 0 | AC107: 0 | AD107: 124.58 | AE107: 70.75 | AF107: 242.67 | AG107: 63.58 | AH107: 0 | AI107: 0 | AJ107: 0 | AK107: 0
A113: SUNDAY
A114: 44197 | B114: 176.88 | C114: 184.5 | D114: 238.2 | E114: 0 | F114: 180.36 | G114: 95.52 | H114: 0 | I114: 76.92 | J114: 102.3 | K114: 103.14 | L114: 180.18 | M114: 0 | N114: 186.18 | O114: 197.7 | P114: 168.24 | Q114: 95.7 | R114: 175.38 | S114: 97.32 | T114: 0 | U114: 76.74 | V114: 185.58 | W114: 523.92 | X114: 533.22 | Y114: 520.14 | Z114: 0 | AA114: 0 | AB114: 0 | AC114: 0 | AD114: 0 | AE114: 55.2 | AF114: 0 | AG114: 0 | AH114: 0 | AI114: 0 | AJ114: 0 | AK114: 0
A115: 44228 | B115: 117.92 | C115: 123 | D115: 158.8 | E115: 0 | F115: 120.24 | G115: 63.68 | H115: 0 | I115: 51.28 | J115: 68.2 | K115: 68.76 | L115: 120.12 | M115: 0 | N115: 124.12 | O115: 131.8 | P115: 112.16 | Q115: 63.8 | R115: 116.92 | S115: 64.88 | T115: 0 | U115: 51.16 | V115: 123.72 | W115: 349.28 | X115: 355.48 | Y115: 346.76 | Z115: 0 | AA115: 0 | AB115: 0 | AC115: 0 | AD115: 0 | AE115: 36.8 | AF115: 0 | AG115: 0 | AH115: 0 | AI115: 0 | AJ115: 0 | AK115: 0
A116: 44256 | B116: 117.92 | C116: 123 | D116: 158.8 | E116: 0 | F116: 120.24 | G116: 63.68 | H116: 0 | I116: 51.28 | J116: 68.2 | K116: 68.76 | L116: 120.12 | M116: 0 | N116: 124.12 | O116: 131.8 | P116: 112.16 | Q116: 63.8 | R116: 116.92 | S116: 64.88 | T116: 0 | U116: 51.16 | V116: 123.72 | W116: 349.28 | X116: 355.48 | Y116: 346.76 | Z116: 0 | AA116: 0 | AB116: 0 | AC116: 0 | AD116: 0 | AE116: 36.8 | AF116: 0 | AG116: 0 | AH116: 0 | AI116: 0 | AJ116: 0 | AK116: 0
A117: 44287 | B117: 117.92 | C117: 123 | D117: 158.8 | E117: 67.29 | F117: 120.24 | G117: 63.68 | H117: 0 | I117: 51.4 | J117: 68.2 | K117: 68.76 | L117: 119.73 | M117: 0 | N117: 124.09 | O117: 210.67 | P117: 28.04 | Q117: 63.8 | R117: 116.92 | S117: 63.62 | T117: 0 | U117: 51.16 | V117: 123.72 | W117: 349.28 | X117: 355.48 | Y117: 346.76 | Z117: 0 | AA117: 0 | AB117: 0 | AC117: 0 | AD117: 0 | AE117: 36.8 | AF117: 0 | AG117: 0 | AH117: 0 | AI117: 0 | AJ117: 0 | AK117: 0
A118: 44317 | B118: 176.88 | C118: 184.5 | D118: 238.2 | E118: 134.58 | F118: 180.36 | G118: 95.52 | H118: 0 | I118: 77.16 | J118: 102.3 | K118: 103.14 | L118: 179.4 | M118: 0 | N118: 186.12 | O118: 355.44 | P118: 0 | Q118: 95.7 | R118: 175.38 | S118: 94.8 | T118: 0 | U118: 76.74 | V118: 185.58 | W118: 523.92 | X118: 533.22 | Y118: 520.14 | Z118: 0 | AA118: 0 | AB118: 0 | AC118: 0 | AD118: 0 | AE118: 55.2 | AF118: 0 | AG118: 0 | AH118: 0 | AI118: 0 | AJ118: 0 | AK118: 0
A119: 44348 | B119: 117.92 | C119: 123 | D119: 158.8 | E119: 89.72 | F119: 120.24 | G119: 63.68 | H119: 0 | I119: 51.44 | J119: 68.2 | K119: 68.76 | L119: 119.6 | M119: 0 | N119: 124.08 | O119: 236.96 | P119: 0 | Q119: 63.8 | R119: 116.92 | S119: 63.2 | T119: 0 | U119: 51.16 | V119: 123.72 | W119: 349.28 | X119: 355.48 | Y119: 346.76 | Z119: 0 | AA119: 0 | AB119: 0 | AC119: 0 | AD119: 0 | AE119: 36.8 | AF119: 0 | AG119: 0 | AH119: 0 | AI119: 0 | AJ119: 0 | AK119: 0
A120: 44378 | B120: 147.4 | C120: 153.75 | D120: 198.5 | E120: 112.15 | F120: 150.3 | G120: 79.6 | H120: 0 | I120: 64.3 | J120: 85.25 | K120: 85.95 | L120: 149.5 | M120: 0 | N120: 155.1 | O120: 296.2 | P120: 0 | Q120: 79.75 | R120: 146.15 | S120: 79 | T120: 0 | U120: 63.95 | V120: 154.65 | W120: 436.6 | X120: 444.35 | Y120: 433.45 | Z120: 0 | AA120: 0 | AB120: 0 | AC120: 0 | AD120: 0 | AE120: 46 | AF120: 0 | AG120: 0 | AH120: 0 | AI120: 0 | AJ120: 0 | AK120: 0
A121: 44409 | B121: 147.4 | C121: 153.75 | D121: 198.5 | E121: 112.15 | F121: 150.3 | G121: 79.6 | H121: 0 | I121: 64.3 | J121: 85.25 | K121: 85.95 | L121: 149.5 | M121: 0 | N121: 155.1 | O121: 296.2 | P121: 0 | Q121: 79.75 | R121: 146.15 | S121: 79 | T121: 0 | U121: 63.95 | V121: 154.65 | W121: 436.6 | X121: 444.35 | Y121: 433.45 | Z121: 0 | AA121: 0 | AB121: 0 | AC121: 0 | AD121: 0 | AE121: 46 | AF121: 0 | AG121: 0 | AH121: 0 | AI121: 0 | AJ121: 0 | AK121: 0
A122: 44440 | B122: 147.4 | C122: 153.75 | D122: 198.5 | E122: 112.15 | F122: 150.3 | G122: 79.6 | H122: 0 | I122: 64.3 | J122: 85.25 | K122: 85.95 | L122: 149.5 | M122: 0 | N122: 155.1 | O122: 296.2 | P122: 0 | Q122: 79.75 | R122: 146.15 | S122: 79 | T122: 0 | U122: 63.95 | V122: 154.65 | W122: 436.6 | X122: 444.35 | Y122: 433.45 | Z122: 0 | AA122: 0 | AB122: 0 | AC122: 0 | AD122: 0 | AE122: 46 | AF122: 0 | AG122: 0 | AH122: 0 | AI122: 0 | AJ122: 0 | AK122: 0
A123: 44470 | B123: 157.95 | C123: 163.75 | D123: 222.1 | E123: 112.5 | F123: 158.1 | G123: 89.55 | H123: 0 | I123: 90.25 | J123: 95.25 | K123: 89.6 | L123: 169.35 | M123: 0 | N123: 163.15 | O123: 312.35 | P123: 0 | Q123: 89.75 | R123: 156 | S123: 79 | T123: 0 | U123: 73.95 | V123: 173.4 | W123: 463.25 | X123: 464 | Y123: 452.4 | Z123: 0 | AA123: 0 | AB123: 0 | AC123: 0 | AD123: 0 | AE123: 46 | AF123: 0 | AG123: 0 | AH123: 0 | AI123: 0 | AJ123: 0 | AK123: 0
A124: 44501 | B124: 157.95 | C124: 163.75 | D124: 222.1 | E124: 112.5 | F124: 158.1 | G124: 89.55 | H124: 0 | I124: 90.25 | J124: 95.25 | K124: 89.6 | L124: 169.35 | M124: 0 | N124: 163.15 | O124: 312.35 | P124: 0 | Q124: 89.75 | R124: 156 | S124: 79 | T124: 0 | U124: 73.95 | V124: 173.4 | W124: 463.25 | X124: 464 | Y124: 452.4 | Z124: 0 | AA124: 0 | AB124: 0 | AC124: 0 | AD124: 0 | AE124: 46 | AF124: 0 | AG124: 0 | AH124: 0 | AI124: 0 | AJ124: 0 | AK124: 0
A125: 44531 | B125: 189.54 | C125: 196.5 | D125: 266.52 | E125: 135 | F125: 189.72 | G125: 107.46 | H125: 0 | I125: 108.3 | J125: 114.3 | K125: 107.52 | L125: 203.22 | M125: 0 | N125: 195.78 | O125: 374.82 | P125: 0 | Q125: 107.7 | R125: 187.2 | S125: 94.8 | T125: 0 | U125: 88.74 | V125: 208.08 | W125: 555.9 | X125: 556.8 | Y125: 542.88 | Z125: 0 | AA125: 0 | AB125: 0 | AC125: 0 | AD125: 0 | AE125: 55.2 | AF125: 0 | AG125: 0 | AH125: 0 | AI125: 0 | AJ125: 0 | AK125: 0
... A161: 45627 | B161: 476.25 | C161: 209.1 | D161: 0 | E161: 210.4 | F161: 292.5 | G161: 178.3 | H161: 0 | I161: 111.4 | J161: 117.55 | K161: 184.4 | L161: 204.05 | M161: 0 | N161: 221.7 | O161: 391.65 | P161: 0 | Q161: 104.8 | R161: 186.25 | S161: 95.6 | T161: 0 | U161: 97.9 | V161: 400.35 | W161: 577.45 | X161: 578.7 | Y161: 562.25 | Z161: 0 | AA161: 0 | AB161: 0 | AC161: 0 | AD161: 149.5 | AE161: 94 | AF161: 289.5 | AG161: 0 | AH161: 0 | AI161: 0 | AJ161: 0 | AK161: 0
